Col1,Col2,Col3,Col4,Col5,Col6,Col7,Col8,Target
0.0,28.2,0.0,91,141.8,893.7,852.1,531.3,59.2
93.8,23.4,0.0,7,126.6,992.6,852.1,375.0,45.7
98.1,6.7,24.5,100,181.7,785.5,1066.0,213.8,49.97
200.0,0.0,0.0,28,192.0,839.2,927.4,133.0,27.87
0.0,9.1,142.8,28,193.3,696.7,1047.4,154.8,12.46
26.0,3.9,123.0,28,201.0,699.0,822.0,491.0,57.92
0.0,0.0,0.0,120,192.0,809.0,1056.0,349.0,40.86
203.5,0.0,0.0,28,203.5,631.0,965.4,305.3,43.38
0.0,10.4,100.4,28,159.4,903.8,1003.8,212.6,37.4
0.0,8.2,0.0,28,162.0,802.0,801.0,516.0,41.37
45.2,8.2,122.0,3,170.2,780.7,1059.4,182.0,7.32
180.0,9.5,95.0,28,159.0,800.0,860.0,250.0,67.87
42.1,5.7,163.8,14,121.8,780.1,1058.7,168.0,17.82
132.4,0.0,0.0,180,192.0,825.5,978.4,198.6,41.72
0.0,9.5,117.5,100,174.8,753.5,1022.8,297.2,56.74
192.0,0.0,0.0,28,192.0,717.8,932.0,288.0,38.8
0.0,0.0,0.0,7,186.0,789.0,1119.0,238.0,12.05
0.0,0.0,0.0,90,192.0,785.6,940.6,393.0,48.85
47.5,0.0,0.0,7,228.0,594.0,932.0,427.5,35.08
42.2,10.8,124.3,28,158.3,796.2,1080.8,168.9,31.12
0.0,8.9,95.6,56,171.5,859.2,955.1,295.7,48.72
0.0,0.0,0.0,180,193.0,812.0,968.0,307.0,34.49
20.0,13.9,94.0,56,157.0,845.0,938.0,387.0,47.97
0.0,9.9,121.4,28,159.5,777.5,1053.6,275.1,51.33
189.0,11.6,0.0,3,164.9,755.8,944.7,362.6,35.3
282.8,10.3,0.0,28,183.8,659.9,942.7,323.7,74.7
190.0,19.0,148.0,28,179.0,741.0,838.0,162.0,33.76
175.1,2.2,0.0,28,171.2,828.5,1000.0,147.8,26.92
0.0,11.3,0.0,28,165.0,745.0,1030.0,451.0,78.8
189.0,22.0,0.0,56,145.9,755.8,944.7,389.9,79.4
106.3,16.5,0.0,7,153.5,887.1,852.1,425.0,49.2
0.0,6.7,0.0,28,190.2,730.4,1013.2,374.3,39.06
106.3,16.5,0.0,28,153.5,887.1,852.1,425.0,60.29
262.2,8.6,0.0,91,175.5,611.8,1046.9,313.3,66.6
122.6,0.0,0.0,3,203.5,800.0,959.2,183.9,4.9
75.4,7.9,167.0,100,164.0,770.1,1007.3,167.0,56.81
0.0,0.0,0.0,28,185.7,734.3,1040.6,397.0,33.08
141.3,0.0,0.0,90,203.5,750.0,973.4,212.0,39.7
19.0,12.3,97.0,28,145.0,871.0,967.0,355.0,55.45
0.0,0.0,0.0,56,214.6,762.4,1003.5,376.0,36.3
0.0,0.0,0.0,3,200.0,613.0,1125.0,500.0,26.06
236.0,0.0,0.0,28,192.0,781.2,935.4,157.0,33.66
0.0,11.0,194.9,28,219.7,712.9,897.7,158.4,8.54
139.0,6.0,109.0,28,193.0,780.0,892.0,149.0,23.69
0.0,5.8,118.3,56,188.5,757.7,1028.4,251.4,36.97
153.0,0.0,0.0,3,192.0,942.0,887.0,102.0,4.57
0.0,0.0,0.0,28,185.0,774.0,1104.0,281.0,22.44
0.0,8.3,0.0,28,162.0,802.0,801.0,516.0,41.37
0.0,11.7,174.2,56,159.2,771.9,1043.6,213.5,51.26
76.0,0.0,0.0,28,228.0,670.0,932.0,304.0,47.81
189.0,11.6,0.0,28,164.9,755.8,944.7,362.6,71.3
97.8,11.2,24.5,14,160.7,782.5,1061.7,277.2,47.71
0.0,0.0,0.0,3,192.0,850.6,971.0,310.0,9.87
0.0,1.9,59.0,28,142.0,641.0,1098.0,475.0,57.23
0.0,0.0,0.0,90,192.0,721.0,936.0,480.0,54.28
92.0,6.0,71.0,28,247.0,695.0,853.0,237.0,28.63
106.3,16.5,0.0,56,153.5,887.1,852.1,425.0,64.3
0.0,4.5,163.3,14,176.5,780.1,1058.6,166.1,25.48
143.0,10.0,0.0,28,168.0,804.0,914.0,310.0,45.3
0.0,0.0,0.0,28,185.0,754.0,1060.0,339.0,31.65
0.0,0.0,0.0,7,181.0,833.0,1113.0,225.0,11.17
0.0,6.7,121.6,100,174.0,778.5,1056.4,231.8,45.84
132.4,0.0,0.0,3,192.0,825.5,978.4,198.6,9.13
210.2,3.1,0.0,28,195.7,795.3,949.4,133.1,28.94
0.0,0.0,0.0,365,193.0,885.0,968.0,236.0,25.08
0.0,7.0,0.0,28,190.0,730.0,1013.0,374.0,39.05
162.4,0.0,0.0,90,203.5,849.0,938.2,108.3,29.23
0.0,10.2,174.7,14,154.8,776.4,1053.5,213.7,33.73
0.0,0.0,0.0,3,192.0,825.0,879.0,331.0,13.52
117.2,32.2,0.0,56,137.8,840.5,852.1,469.0,69.3
250.0,12.2,0.0,28,168.4,688.2,1049.3,159.8,39.46
75.4,7.9,167.0,28,164.0,770.1,1007.3,167.0,41.41
193.5,0.0,0.0,7,185.7,704.3,998.2,290.2,21.86
42.2,10.8,124.3,100,158.3,796.2,1080.8,168.9,48.15
0.0,0.0,0.0,28,192.0,830.0,1012.0,310.0,27.83
187.0,6.6,0.0,28,191.3,756.9,824.3,366.0,65.91
189.0,9.5,0.0,28,174.9,755.8,944.7,337.9,49.9
0.0,7.5,100.5,56,170.2,901.8,998.0,194.7,43.39
26.0,3.9,123.0,3,210.0,699.0,882.0,491.0,25.61
13.6,4.1,172.4,100,156.8,856.4,1006.3,172.4,37.68
97.8,11.2,24.5,56,160.7,782.5,1061.7,277.2,66.82
54.6,11.9,123.8,3,140.8,792.7,1075.7,218.2,27.42
122.6,0.0,0.0,28,203.5,800.0,959.2,183.9,24.05
0.0,0.0,0.0,7,185.7,789.3,1118.8,238.1,10.34
45.2,8.2,122.0,28,170.2,780.7,1059.4,182.0,31.27
11.0,1.7,141.0,7,206.0,801.0,942.0,202.0,15.07
0.0,11.0,138.0,28,199.0,792.0,801.0,326.0,40.68
124.1,0.0,0.0,7,185.7,764.3,1083.4,186.2,8.0
0.0,4.5,163.3,56,176.5,780.1,1058.6,166.1,28.63
116.0,8.9,90.3,28,179.6,768.3,870.1,276.4,44.28
230.5,3.4,0.0,28,202.5,871.8,827.0,145.9,32.72
24.0,11.6,79.0,56,162.0,712.0,967.0,446.0,56.14
147.2,0.0,0.0,7,185.7,744.3,1055.0,220.8,13.09
0.0,0.0,0.0,28,191.0,856.0,968.0,277.0,25.97
76.0,0.0,0.0,365,228.0,670.0,932.0,304.0,55.26
189.0,11.6,0.0,56,164.9,755.8,944.7,362.6,77.3
0.0,5.8,118.3,100,188.5,757.7,1028.4,251.4,43.58
22.0,8.9,132.0,28,168.0,750.0,822.0,424.0,72.1
0.0,0.0,0.0,3,192.0,806.9,1047.0,349.0,15.05
19.0,13.1,97.0,28,145.0,871.0,967.0,355.0,44.03
132.4,0.0,0.0,360,192.0,825.5,978.4,198.6,44.3
181.9,0.0,0.0,28,185.7,714.3,1012.4,272.8,31.38
0.0,0.0,0.0,180,203.0,775.0,974.0,350.0,32.72
189.0,11.6,0.0,7,164.9,755.8,944.7,362.6,22.9
153.0,0.0,0.0,28,192.0,942.0,887.0,102.0,17.28
0.0,0.0,0.0,28,183.0,808.0,1088.0,275.0,24.5
99.0,6.0,77.0,28,189.0,749.0,919.0,255.0,33.8
26.0,3.9,123.0,7,201.0,699.0,822.0,491.0,37.92
0.0,0.0,0.0,28,186.0,739.0,1047.0,382.0,37.42
189.0,22.0,0.0,91,145.9,755.8,944.7,389.9,82.6
136.0,7.0,106.0,28,178.0,774.0,941.0,144.0,26.14
0.0,0.0,0.0,7,185.7,739.3,1047.8,382.5,24.07
0.0,7.0,94.1,14,186.7,847.0,949.9,238.1,25.69
141.3,0.0,0.0,3,203.5,750.0,973.4,212.0,6.81
203.5,0.0,0.0,7,203.5,631.0,965.4,305.3,25.89
0.0,0.0,0.0,180,192.0,806.0,1047.0,349.0,41.05
0.0,10.4,100.4,3,159.4,903.8,1003.8,212.6,13.33
0.0,7.6,167.0,56,169.6,777.8,1055.6,181.4,35.57
236.8,11.9,0.0,28,173.8,674.8,1069.3,150.0,37.43
0.0,0.0,0.0,14,200.0,613.0,1125.0,500.0,36.94
0.0,5.7,121.6,28,180.3,779.3,1057.6,212.1,24.9
175.0,2.0,0.0,28,171.0,828.0,1000.0,148.0,26.92
19.0,10.9,141.0,7,154.0,801.0,942.0,359.0,35.75
133.0,7.0,103.0,28,200.0,753.0,916.0,140.0,36.44
0.0,9.9,125.2,28,166.6,798.9,1079.0,190.3,24.85
0.0,8.7,100.4,28,159.3,903.6,1007.8,212.5,31.64
45.2,8.2,122.0,100,170.2,780.7,1059.4,182.0,48.67
183.4,9.1,0.0,28,193.3,696.7,1047.4,154.8,18.29
22.0,8.9,132.0,7,168.0,750.0,822.0,424.0,40.29
19.0,10.9,141.0,56,154.0,801.0,942.0,359.0,66.78
0.0,0.0,0.0,270,173.0,613.0,1125.0,540.0,74.17
0.0,0.0,0.0,14,203.0,775.0,974.0,350.0,22.53
0.0,6.1,118.2,100,195.2,757.6,1028.1,229.7,40.86
106.3,18.6,0.0,28,151.4,803.7,936.0,425.0,61.8
118.8,8.9,0.0,3,181.1,781.5,852.1,475.0,37.8
93.4,9.7,159.9,3,172.3,746.6,1007.2,173.8,15.82
38.0,0.0,0.0,365,228.0,670.0,932.0,342.0,56.14
97.8,11.2,24.5,3,160.7,782.5,1061.7,277.2,30.45
0.0,0.0,0.0,28,185.7,739.3,1047.8,382.5,37.44
120.0,7.0,0.0,28,168.0,794.0,970.0,284.0,40.93
250.0,12.0,0.0,28,168.0,688.0,1049.0,160.0,39.45
0.0,8.9,95.6,28,171.5,859.2,955.1,295.7,39.94
0.0,0.0,0.0,28,192.0,721.0,936.0,480.0,43.89
0.0,0.0,0.0,90,194.0,885.0,968.0,236.0,21.95
0.0,0.0,0.0,3,189.0,613.0,1125.0,525.0,33.8
189.0,11.6,0.0,3,164.9,755.8,944.7,362.6,35.3
236.0,0.0,0.0,7,192.0,781.2,935.4,157.0,16.89
0.0,6.1,107.0,28,186.4,815.2,879.0,298.1,42.64
47.5,0.0,0.0,28,228.0,594.0,932.0,427.5,37.43
0.0,5.7,121.6,3,180.3,779.3,1057.6,212.1,12.47
193.5,0.0,0.0,28,185.7,704.3,998.2,290.2,33.04
145.0,8.0,113.0,28,178.0,824.0,867.0,153.0,26.23
137.2,6.0,106.9,28,201.3,655.3,878.4,297.8,53.52
0.0,3.0,0.0,28,200.0,613.2,1124.4,500.1,44.13
214.0,10.0,164.0,28,202.0,680.0,820.0,162.0,30.65
0.0,0.0,0.0,28,146.0,800.0,1120.0,485.0,71.99
93.8,23.4,0.0,28,126.6,992.6,852.1,375.0,56.7
149.0,8.0,0.0,28,186.0,709.0,951.0,322.0,52.42
98.8,6.5,77.0,28,188.6,749.3,919.0,255.3,33.8
0.0,11.7,174.2,14,159.2,771.9,1043.6,213.5,29.59
0.0,0.0,0.0,28,192.0,895.3,913.2,289.0,25.57
116.8,7.0,91.0,28,190.6,665.6,946.5,277.0,43.58
186.7,11.3,0.0,28,175.6,788.9,989.6,159.1,32.77
97.1,12.1,0.0,28,157.9,925.7,852.1,388.6,50.7
212.5,14.3,0.0,56,155.7,880.4,852.1,318.8,66.1
0.0,5.5,95.7,14,187.4,861.2,956.9,250.0,24.92
305.3,0.0,0.0,28,203.5,630.0,963.4,203.5,41.68
0.0,0.0,0.0,14,173.0,613.0,1125.0,540.0,59.76
142.5,0.0,0.0,270,228.0,594.0,932.0,332.5,40.27
106.3,16.5,0.0,3,153.5,887.1,852.1,425.0,33.4
0.0,9.9,125.2,28,161.9,802.6,1088.1,190.3,28.47
91.7,6.0,71.5,28,246.9,695.4,852.9,236.9,28.63
158.8,0.0,0.0,7,185.7,734.3,1040.6,238.2,15.69
237.5,0.0,0.0,90,228.0,594.0,932.0,237.5,33.12
0.0,6.7,121.6,14,174.0,778.5,1056.4,231.8,26.77
98.1,6.9,24.5,3,181.7,785.4,1065.8,213.7,18.0
98.1,6.9,24.5,100,181.7,785.4,1065.8,213.7,53.9
53.8,9.6,121.9,28,155.6,780.6,1014.3,214.9,52.2
0.0,11.3,124.1,28,158.5,794.9,1078.7,218.9,30.22
0.0,12.4,99.9,3,146.1,899.8,1006.0,251.8,21.02
94.7,11.4,0.0,3,147.4,852.1,946.8,401.8,41.1
0.0,4.6,94.6,3,197.9,852.2,947.0,233.8,10.38
98.1,6.7,24.5,28,181.7,785.5,1066.0,213.8,40.23
0.0,0.0,0.0,7,186.0,784.0,1111.0,252.0,11.47
22.0,8.5,132.0,3,178.0,750.0,882.0,424.0,32.01
239.0,6.0,0.0,28,200.0,684.0,1002.0,153.0,26.86
288.0,0.0,0.0,7,192.0,716.1,929.8,192.0,21.48
0.0,12.8,107.5,28,163.6,784.0,953.2,298.1,35.87
0.0,0.0,0.0,7,186.0,769.0,1090.0,296.0,18.91
183.0,9.0,0.0,28,193.0,868.0,877.0,155.0,23.79
118.8,8.9,0.0,28,181.1,781.5,852.1,475.0,68.3
0.0,2.5,0.0,28,162.0,676.0,1040.0,540.0,79.99
93.8,23.4,0.0,56,126.6,992.6,852.1,375.0,60.2
132.6,7.4,103.3,28,200.3,753.4,916.0,139.9,36.44
75.4,7.9,167.0,14,164.0,770.1,1007.3,167.0,32.9
133.0,0.0,0.0,28,192.0,806.2,965.4,200.0,30.44
0.0,0.0,0.0,28,185.7,784.3,1111.6,252.5,19.77
156.0,5.9,0.0,28,189.0,760.0,981.0,234.0,39.3
144.0,10.0,112.0,28,220.0,658.0,923.0,154.0,16.5
0.0,0.0,0.0,7,185.7,769.3,1091.4,295.8,14.84
0.0,9.9,119.8,28,211.5,727.6,878.2,299.8,23.84
166.0,9.0,0.0,28,174.0,790.0,882.0,326.0,61.23
114.0,0.0,0.0,90,228.0,670.0,932.0,266.0,47.03
116.0,0.0,0.0,28,192.0,856.8,946.8,173.0,24.28
97.8,11.2,24.5,100,160.7,782.5,1061.7,277.2,66.95
0.0,5.8,118.3,28,188.5,757.7,1028.4,251.4,29.65
288.0,0.0,0.0,28,192.0,716.1,929.8,192.0,39.32
0.0,0.0,0.0,3,192.0,825.0,978.0,331.0,13.52
0.0,0.0,0.0,7,186.0,770.0,1050.0,350.0,20.28
0.0,0.0,0.0,28,186.0,774.0,1104.0,281.0,22.44
0.0,5.5,95.7,56,187.4,861.2,956.9,250.0,38.33
0.0,0.0,0.0,7,192.0,806.0,1047.0,349.0,18.13
262.2,8.6,0.0,28,175.5,611.8,1046.9,313.3,59.8
0.0,11.8,97.4,56,160.6,875.6,973.9,277.1,51.04
0.0,9.5,117.5,3,174.8,753.5,1022.8,297.2,21.91
0.0,4.5,96.7,56,189.3,870.3,967.1,222.4,29.45
0.0,5.2,0.0,28,170.0,855.0,855.0,520.0,60.28
98.1,6.7,24.5,3,181.7,785.5,1066.0,213.8,13.18
203.5,0.0,0.0,28,185.7,759.3,1076.2,135.7,18.2
0.0,0.0,0.0,7,192.0,785.6,940.6,393.0,27.74
164.2,4.6,0.0,28,190.5,774.0,870.0,321.3,57.22
0.0,0.0,0.0,28,173.0,613.0,1125.0,540.0,67.31
0.0,12.0,125.1,14,143.3,800.9,1086.8,246.8,42.22
97.1,12.1,0.0,56,157.9,925.7,852.1,388.6,55.2
0.0,0.0,0.0,7,186.0,774.0,1104.0,281.0,14.5
0.0,0.0,0.0,360,192.0,806.0,1047.0,349.0,42.13
45.2,8.2,122.0,14,170.2,780.7,1059.4,182.0,21.5
42.1,5.7,163.8,28,121.8,780.1,1058.7,168.0,24.24
0.0,11.0,107.0,28,221.0,778.0,819.0,296.0,31.42
0.0,10.1,112.6,28,169.9,782.9,925.3,313.8,38.46
173.0,0.0,0.0,28,192.0,891.9,909.8,116.0,22.35
0.0,11.0,141.6,28,193.3,778.4,801.4,355.9,40.87
359.4,0.0,0.0,7,185.7,664.3,941.6,239.6,25.42
236.0,0.0,0.0,90,192.0,781.2,935.4,157.0,43.38
0.0,0.0,0.0,360,191.0,856.0,968.0,277.0,33.7
0.0,0.0,143.6,28,163.8,900.9,1005.6,165.0,26.2
0.0,15.0,182.0,28,181.0,884.0,839.0,148.0,15.52
162.4,0.0,0.0,28,203.5,849.0,938.2,108.3,20.59
206.5,5.5,160.9,28,178.9,735.6,866.9,132.0,33.31
0.0,9.9,125.2,3,166.6,798.9,1079.0,190.3,12.55
0.0,11.7,174.2,100,154.6,775.5,1052.3,213.5,59.3
0.0,0.0,0.0,7,180.0,845.0,1125.0,200.0,7.84
0.0,0.0,0.0,7,185.0,739.0,1047.0,382.0,24.0
0.0,0.0,0.0,180,193.0,885.0,968.0,236.0,24.1
161.0,10.0,0.0,28,178.0,759.0,917.0,313.0,52.44
200.9,11.2,0.0,91,144.7,803.7,1004.6,286.3,76.8
157.0,0.0,0.0,90,192.0,749.1,972.6,236.0,47.78
0.0,6.1,118.2,56,195.2,757.6,1028.1,229.7,31.35
0.0,6.0,107.0,28,186.0,815.0,879.0,298.0,42.64
0.0,0.0,0.0,28,192.0,850.0,970.0,310.0,27.92
189.2,10.1,0.0,91,170.1,756.7,926.1,374.0,64.9
145.0,8.0,0.0,28,178.0,822.0,1000.0,153.0,19.01
238.7,6.3,0.0,28,200.0,683.9,1001.8,152.6,26.86
0.0,0.0,0.0,3,186.0,763.0,966.0,385.0,14.7
290.2,0.0,0.0,7,185.7,704.3,998.2,193.5,17.2
0.0,9.4,96.2,100,168.1,865.0,961.2,290.4,48.97
0.0,0.0,0.0,28,181.0,833.0,1113.0,225.0,17.34
0.0,0.0,0.0,180,228.0,594.0,932.0,475.0,42.62
0.0,9.9,121.4,56,159.5,777.5,1053.6,275.1,56.85
0.0,10.0,120.0,28,212.0,728.0,878.0,300.0,23.84
0.0,0.0,0.0,14,186.0,763.0,966.0,385.0,27.92
0.0,16.0,185.0,28,167.0,678.0,1074.0,151.0,13.46
305.3,0.0,0.0,90,203.5,630.0,963.4,203.5,51.86
0.0,0.0,0.0,90,192.0,765.0,1085.0,296.0,29.39
0.0,0.0,0.0,365,228.0,594.0,932.0,475.0,41.93
181.9,0.0,0.0,7,185.7,714.3,1012.4,272.8,19.77
173.0,0.0,0.0,7,192.0,891.9,909.8,116.0,10.09
0.0,0.0,0.0,28,184.0,783.0,1063.0,325.0,30.57
0.0,0.0,0.0,28,186.0,758.0,1038.0,375.0,38.21
20.0,13.9,94.0,7,157.0,845.0,938.0,387.0,45.9
0.0,0.0,0.0,3,192.0,945.0,889.8,255.0,8.2
0.0,0.0,0.0,90,193.0,812.0,968.0,307.0,32.92
288.0,0.0,0.0,3,192.0,716.1,929.8,192.0,12.79
316.1,0.0,0.0,7,185.7,689.3,977.0,210.7,21.82
163.0,8.0,128.0,28,197.0,641.0,961.0,164.0,27.23
128.5,8.1,132.1,3,175.1,746.6,1005.8,165.0,19.42
50.0,3.0,0.0,28,200.0,613.2,1124.4,450.1,39.38
282.8,10.3,0.0,56,183.8,659.9,942.7,323.7,80.2
0.0,0.0,0.0,180,228.0,670.0,932.0,380.0,53.1
128.5,8.1,132.1,28,175.1,746.6,1005.8,165.0,46.39
129.9,7.8,128.6,3,175.5,746.6,1006.3,167.4,14.94
209.4,0.0,0.0,28,192.0,806.9,1047.0,139.6,28.24
184.0,9.0,143.0,28,194.0,699.0,880.0,155.0,28.99
0.0,7.8,178.9,28,201.7,868.7,824.0,145.4,10.54
97.1,12.1,0.0,3,157.9,925.7,852.1,388.6,28.1
0.0,0.0,0.0,28,185.0,784.0,1111.0,252.0,19.69
200.9,11.2,0.0,28,144.7,803.7,1004.6,286.3,67.7
0.0,11.0,90.0,28,199.0,762.0,931.0,273.0,32.24
0.0,13.0,107.0,28,164.0,784.0,953.0,298.0,35.86
19.0,10.9,141.0,3,154.0,801.0,942.0,359.0,25.12
0.0,5.8,118.3,3,188.5,757.7,1028.4,251.4,17.22
0.0,0.0,0.0,3,173.0,613.0,1125.0,540.0,41.64
189.2,10.1,0.0,56,170.1,756.7,926.1,374.0,63.4
0.0,8.7,100.4,14,159.3,903.6,1007.8,212.5,26.31
0.0,0.0,0.0,90,191.0,856.0,968.0,277.0,31.25
106.3,16.5,0.0,7,153.5,887.1,852.1,425.0,49.2
116.0,0.0,0.0,90,192.0,856.8,946.8,173.0,32.1
189.0,11.6,0.0,3,164.9,755.8,944.7,362.6,35.3
212.5,14.3,0.0,28,155.7,880.4,852.1,318.8,55.5
0.0,11.8,97.4,100,160.6,875.6,973.9,277.1,55.64
0.0,0.0,0.0,28,182.0,820.0,1100.0,250.0,20.87
0.0,0.0,0.0,3,192.0,821.0,1025.0,331.0,14.31
192.0,0.0,0.0,3,192.0,717.8,932.0,288.0,16.11
128.5,8.1,132.1,56,175.1,746.6,1005.8,165.0,53.72
250.2,0.0,0.0,28,203.5,692.6,975.6,166.8,33.95
189.0,11.6,0.0,3,164.9,755.8,944.7,362.6,35.3
0.0,12.8,98.8,100,158.1,889.0,987.8,249.1,51.06
0.0,0.0,0.0,270,228.0,670.0,932.0,380.0,53.3
15.0,6.0,195.0,28,176.0,709.0,1021.0,144.0,15.34
164.0,5.0,0.0,28,190.0,774.0,870.0,321.0,57.21
0.0,12.8,98.8,56,158.1,889.0,987.8,249.1,42.03
0.0,0.0,0.0,7,197.0,781.0,968.0,339.0,20.97
157.0,0.0,0.0,7,192.0,749.1,972.6,236.0,20.42
0.0,0.0,0.0,7,185.7,784.3,1111.6,252.5,11.48
212.5,14.3,0.0,7,155.7,880.4,852.1,318.8,33.4
0.0,0.0,0.0,3,192.0,758.0,940.0,393.0,19.11
98.1,6.9,24.5,56,181.7,785.4,1065.8,213.7,50.77
170.0,8.0,0.0,28,195.0,802.0,811.0,331.0,56.61
0.0,9.5,117.5,28,174.8,753.5,1022.8,297.2,47.4
0.0,5.8,118.3,14,192.9,754.3,1043.6,251.4,20.73
0.0,10.0,116.0,28,196.0,813.0,818.0,322.0,31.18
98.1,6.7,24.5,56,181.7,785.5,1066.0,213.8,47.13
0.0,5.7,121.6,100,180.3,779.3,1057.6,212.1,39.61
54.6,11.9,123.8,56,140.8,792.7,1075.7,218.2,61.99
189.0,22.0,0.0,3,145.9,755.8,944.7,389.9,40.6
177.0,11.1,0.0,7,186.0,707.9,884.9,439.0,56.1
0.0,0.0,0.0,7,186.0,763.0,966.0,385.0,23.22
282.8,10.3,0.0,7,183.8,659.9,942.7,323.7,49.8
0.0,0.0,0.0,90,173.0,613.0,1125.0,540.0,69.66
0.0,0.0,0.0,28,192.0,785.6,940.6,393.0,39.6
137.0,5.9,0.0,28,145.0,745.0,1130.0,315.0,81.75
237.5,0.0,0.0,180,228.0,594.0,932.0,237.5,36.25
93.4,9.7,159.9,100,172.3,746.6,1007.2,173.8,50.94
0.0,28.2,0.0,28,141.8,893.7,852.1,531.3,56.4
189.2,10.1,0.0,28,170.1,756.7,926.1,374.0,61.09
0.0,28.2,0.0,7,141.8,893.7,852.1,531.3,46.9
0.0,8.0,113.0,28,178.5,688.7,1001.9,313.3,36.8
147.2,0.0,0.0,28,185.7,744.3,1055.0,220.8,25.75
0.0,0.0,0.0,100,214.6,762.4,1003.5,376.0,43.06
45.2,8.2,122.0,56,170.2,780.7,1059.4,182.0,43.5
160.5,9.6,0.0,28,177.6,759.5,916.6,312.9,52.45
128.5,8.1,132.1,100,175.1,746.6,1005.8,165.0,55.02
0.0,11.7,174.2,14,154.6,775.5,1052.3,213.5,33.7
0.0,12.0,125.1,28,143.3,800.9,1086.8,246.8,52.5
50.1,6.5,173.5,28,164.8,793.5,1006.2,173.5,38.2
76.0,0.0,0.0,270,228.0,670.0,932.0,304.0,54.38
129.8,3.6,118.6,3,179.9,746.8,1007.3,178.0,20.73
203.5,0.0,0.0,3,203.5,631.0,965.4,305.3,14.14
0.0,0.0,0.0,90,197.0,781.0,968.0,339.0,35.17
106.3,18.6,0.0,7,151.4,803.7,936.0,425.0,46.8
0.0,8.7,100.4,3,159.3,903.6,1007.8,212.5,13.54
0.0,9.9,125.2,100,166.6,798.9,1079.0,190.3,33.56
0.0,0.0,0.0,365,228.0,670.0,932.0,380.0,52.52
24.0,10.3,79.0,56,162.0,712.0,967.0,446.0,54.77
237.5,0.0,0.0,270,228.0,594.0,932.0,237.5,38.41
183.9,9.2,143.2,28,193.8,698.5,879.6,155.2,28.99
0.0,0.0,0.0,7,185.0,784.0,1111.0,252.0,13.71
0.0,0.0,0.0,180,191.0,856.0,968.0,277.0,32.33
173.0,3.0,0.0,28,182.0,817.0,986.0,146.0,23.74
157.0,0.0,0.0,3,192.0,749.1,972.6,236.0,13.57
0.0,10.8,137.9,28,199.0,792.5,801.1,326.5,38.63
272.8,0.0,0.0,7,185.7,714.3,1012.4,181.9,12.37
0.0,11.5,127.9,28,182.5,779.7,870.1,321.4,37.27
0.0,0.0,0.0,180,189.0,613.0,1125.0,525.0,61.92
190.0,0.0,0.0,270,228.0,670.0,932.0,190.0,50.66
0.0,7.6,167.0,3,169.6,777.8,1055.6,181.4,13.62
0.0,0.0,0.0,7,185.7,734.3,1040.6,397.0,25.45
305.3,0.0,0.0,7,203.5,630.0,963.4,203.5,19.54
0.0,0.0,0.0,28,146.0,896.0,896.0,522.0,74.99
26.0,3.9,123.0,56,201.0,699.0,822.0,491.0,61.86
0.0,0.0,0.0,28,192.0,765.0,1085.0,296.0,21.65
0.0,7.8,124.8,100,159.0,799.5,1085.4,212.0,47.82
200.0,0.0,0.0,3,192.0,839.2,927.4,133.0,6.88
0.0,5.7,126.5,28,209.7,736.6,860.5,317.9,40.06
111.0,5.0,86.0,28,195.0,733.0,895.0,262.0,33.72
189.0,11.6,0.0,28,164.9,755.8,944.7,362.6,71.3
105.0,6.0,193.0,28,196.0,643.0,965.0,135.0,21.91
98.1,6.9,24.5,28,181.7,785.4,1065.8,213.7,45.71
0.0,7.8,124.8,14,159.0,799.5,1085.4,212.0,31.35
0.0,11.7,174.2,56,154.6,775.5,1052.3,213.5,51.43
102.0,0.0,0.0,90,192.0,943.1,888.0,153.0,26.32
19.0,10.9,141.0,56,154.0,801.0,942.0,359.0,68.75
189.0,9.5,0.0,56,174.9,755.8,944.7,337.9,59.89
19.0,10.9,141.0,28,154.0,801.0,942.0,359.0,59.49
0.0,0.0,0.0,7,186.0,739.0,1047.0,382.0,24.0
54.6,11.9,123.8,14,140.8,792.7,1075.7,218.2,35.96
0.0,6.0,126.0,28,210.0,737.0,861.0,318.0,40.06
250.2,0.0,0.0,90,203.5,692.6,975.6,166.8,43.57
0.0,11.7,174.2,100,159.2,771.9,1043.6,213.5,52.96
0.0,4.5,96.7,3,189.3,870.3,967.1,222.4,11.58
0.0,7.5,100.5,3,170.2,901.8,998.0,194.7,12.18
162.4,0.0,0.0,3,203.5,849.0,938.2,108.3,2.33
0.0,0.0,0.0,360,192.0,850.0,970.0,310.0,38.11
128.0,6.4,122.0,28,182.0,879.0,824.0,160.0,39.4
42.1,5.7,163.8,3,121.8,780.1,1058.7,168.0,7.75
0.0,0.0,0.0,7,186.0,734.0,1040.0,297.0,30.96
76.0,0.0,0.0,90,228.0,670.0,932.0,304.0,49.19
189.0,22.0,0.0,28,145.9,755.8,944.7,389.9,74.5
0.0,0.0,0.0,3,191.0,856.0,968.0,277.0,11.36
0.0,12.6,200.1,28,181.2,846.0,849.3,164.2,15.09
0.0,0.0,0.0,90,192.0,895.3,913.2,289.0,32.07
0.0,4.6,118.3,28,195.5,758.6,1029.4,230.0,24.48
53.8,9.6,121.9,14,155.6,780.6,1014.3,214.9,38.6
173.0,0.0,0.0,3,192.0,891.9,909.8,116.0,6.28
0.0,0.0,0.0,14,203.0,817.0,974.0,302.0,18.13
145.0,8.0,113.0,28,178.5,688.7,1001.9,153.1,25.56
189.0,11.6,0.0,56,164.9,755.8,944.7,362.6,77.3
177.0,11.1,0.0,56,186.0,707.9,884.9,439.0,71.7
0.0,9.5,0.0,28,162.0,662.0,1044.0,475.0,58.52
316.1,0.0,0.0,28,185.7,689.3,977.0,210.7,37.81
0.0,0.0,0.0,28,185.0,789.0,1118.0,238.0,17.54
0.0,11.3,124.1,3,158.5,794.9,1078.7,218.9,15.34
0.0,7.8,125.4,3,162.1,804.0,1090.0,190.7,15.04
100.5,8.6,78.3,28,200.6,761.5,864.5,260.9,32.4
24.0,11.6,79.0,28,162.0,712.0,967.0,446.0,44.42
129.9,7.8,128.6,100,175.5,746.6,1006.3,167.4,53.66
95.0,0.0,0.0,180,228.0,594.0,932.0,380.0,40.76
0.0,14.2,98.8,14,146.3,889.0,987.8,252.3,42.29
0.0,0.0,0.0,14,197.0,781.0,968.0,339.0,27.04
237.5,0.0,0.0,7,228.0,594.0,932.0,237.5,26.26
20.0,13.9,94.0,28,157.0,845.0,938.0,387.0,46.68
0.0,0.0,0.0,365,198.0,863.0,968.0,254.0,29.79
189.0,11.6,0.0,7,164.9,755.8,944.7,362.6,55.9
200.0,0.0,0.0,90,192.0,839.2,927.4,133.0,36.59
172.6,3.4,0.0,28,181.9,816.8,985.8,145.7,23.74
142.5,0.0,0.0,180,228.0,594.0,932.0,332.5,39.78
106.3,16.5,0.0,91,153.5,887.1,852.1,425.0,65.2
189.0,11.6,0.0,56,164.9,755.8,944.7,362.6,77.3
0.0,10.6,89.6,28,198.7,762.2,931.3,272.6,32.25
0.0,10.4,100.4,100,159.4,903.8,1003.8,212.6,47.74
0.0,16.0,137.0,28,158.0,830.0,1002.0,148.0,17.95
0.0,5.3,95.7,14,191.8,857.2,948.9,250.0,24.66
0.0,4.5,96.7,28,189.3,870.3,967.1,222.4,24.89
106.3,16.5,0.0,91,153.5,887.1,852.1,425.0,65.2
0.0,4.5,163.3,28,176.5,780.1,1058.6,166.1,21.54
115.0,9.0,89.0,28,202.0,829.0,860.0,147.0,19.99
0.0,0.0,0.0,28,200.0,613.0,1125.0,500.0,44.09
151.2,15.9,0.0,3,153.9,605.0,1134.3,379.5,28.6
178.0,7.0,187.0,28,221.0,614.0,854.0,156.0,29.41
0.0,0.0,0.0,14,194.0,885.0,968.0,236.0,12.84
190.0,0.0,0.0,180,228.0,670.0,932.0,190.0,46.93
207.0,5.0,161.0,28,179.0,736.0,867.0,132.0,33.3
0.0,0.0,0.0,28,180.0,845.0,1125.0,200.0,12.25
200.9,11.2,0.0,56,144.7,803.7,1004.6,286.3,72.99
0.0,0.0,0.0,90,200.0,613.0,1125.0,500.0,47.22
209.4,0.0,0.0,360,192.0,806.9,1047.0,139.6,44.7
0.0,0.0,143.6,56,163.8,900.9,1005.6,165.0,36.56
0.0,9.4,96.2,3,168.1,865.0,961.2,290.4,22.5
119.0,9.0,0.0,28,160.0,657.0,1061.0,356.0,59.0
236.0,0.0,0.0,3,192.0,781.2,935.4,157.0,9.69
0.0,0.0,0.0,28,192.0,945.0,889.8,255.0,18.75
148.9,15.0,116.0,28,175.1,719.7,953.3,158.6,27.68
0.0,7.8,124.8,28,159.0,799.5,1085.4,212.0,38.5
0.0,15.0,182.1,28,181.4,884.3,838.9,148.1,15.53
20.0,11.6,94.0,7,157.0,845.0,938.0,387.0,41.67
0.0,0.0,0.0,7,185.0,769.0,1069.0,295.0,14.8
135.7,0.0,0.0,28,185.7,759.3,1076.2,203.5,22.63
15.0,5.5,141.0,3,179.0,801.0,842.0,284.0,13.4
0.0,9.9,121.4,14,159.5,777.5,1053.6,275.1,38.77
177.0,11.1,0.0,3,186.0,707.9,884.9,439.0,39.3
237.5,0.0,0.0,365,228.0,594.0,932.0,237.5,39.0
209.4,0.0,0.0,7,192.0,806.9,1047.0,139.6,14.59
0.0,0.0,0.0,270,189.0,613.0,1125.0,525.0,67.11
106.3,18.6,0.0,3,151.4,803.7,936.0,425.0,36.3
133.0,0.0,0.0,3,192.0,806.2,965.4,200.0,11.41
119.7,7.2,0.0,28,168.3,794.2,970.4,284.0,40.93
0.0,11.0,195.0,28,220.0,713.0,898.0,158.0,8.54
200.0,0.0,0.0,28,190.0,660.0,1145.0,200.0,49.25
114.0,0.0,0.0,180,228.0,670.0,932.0,266.0,48.7
214.0,9.0,152.0,28,200.0,704.0,819.0,157.0,33.05
26.0,3.9,123.0,28,210.0,699.0,882.0,491.0,55.55
0.0,11.8,97.4,28,160.6,875.6,973.9,277.1,48.28
22.0,8.9,132.0,3,168.0,750.0,822.0,424.0,32.11
0.0,13.0,200.0,28,181.0,846.0,849.0,164.0,15.09
187.0,7.0,195.0,28,185.0,636.0,898.0,167.0,23.89
0.0,0.0,0.0,7,192.0,850.0,970.0,310.0,14.99
0.0,0.0,0.0,180,203.0,800.0,974.0,322.0,29.59
0.0,12.4,99.9,14,146.1,899.8,1006.0,251.8,33.36
0.0,0.0,0.0,7,185.0,754.0,1069.0,339.0,21.16
189.2,10.1,0.0,7,170.1,756.7,926.1,374.0,46.2
22.0,8.5,132.0,56,178.0,750.0,822.0,424.0,65.7
153.0,0.0,0.0,90,192.0,942.0,887.0,102.0,25.46
0.0,0.0,143.6,3,163.8,900.9,1005.6,165.0,14.4
0.0,10.2,174.7,3,154.8,776.4,1053.5,213.7,17.57
95.0,0.0,0.0,90,228.0,594.0,932.0,380.0,40.56
0.0,12.4,99.9,56,146.1,899.8,1006.0,251.8,44.14
0.0,0.0,0.0,28,203.0,817.0,974.0,302.0,21.75
0.0,4.5,163.3,100,176.5,780.1,1058.6,166.1,33.54
47.5,0.0,0.0,180,228.0,594.0,932.0,427.5,41.84
0.0,8.7,100.4,56,159.3,903.6,1007.8,212.5,42.55
145.0,8.0,0.0,28,178.0,689.0,1002.0,313.0,41.05
0.0,0.0,0.0,90,228.0,594.0,932.0,475.0,42.23
95.0,0.0,0.0,365,228.0,594.0,932.0,380.0,43.7
151.2,15.9,0.0,91,153.9,605.0,1134.3,379.5,56.5
250.2,0.0,0.0,3,203.5,692.6,975.6,166.8,6.9
0.0,11.3,124.1,100,158.5,794.9,1078.7,218.9,46.23
106.3,16.5,0.0,56,153.5,887.1,852.1,425.0,64.3
0.0,0.0,0.0,28,192.0,821.0,1025.0,331.0,31.74
0.0,0.0,0.0,270,228.0,594.0,932.0,475.0,42.13
0.0,11.7,174.2,3,154.6,775.5,1052.3,213.5,17.37
144.7,8.0,0.0,28,127.3,822.2,999.7,312.7,44.52
0.0,28.2,0.0,56,141.8,893.7,852.1,531.3,58.8
0.0,5.5,95.7,28,187.4,861.2,956.9,250.0,29.22
106.3,16.5,0.0,3,153.5,887.1,852.1,425.0,33.4
0.0,0.0,0.0,1,200.0,613.0,1125.0,500.0,12.64
120.5,9.2,93.9,28,187.6,695.9,904.4,287.3,43.8
50.1,6.5,173.5,3,164.8,793.5,1006.2,173.5,23.08
0.0,0.0,0.0,90,198.0,863.0,968.0,254.0,26.94
0.0,4.6,118.3,56,195.5,758.6,1029.4,230.0,31.54
0.0,7.6,167.0,28,169.6,777.8,1055.6,181.4,27.77
170.2,8.5,132.6,28,191.6,805.3,814.1,143.7,29.87
76.0,0.0,0.0,180,228.0,670.0,932.0,304.0,50.95
157.0,0.0,0.0,28,192.0,749.1,972.6,236.0,32.88
0.0,0.0,0.0,90,192.0,806.0,1047.0,349.0,39.49
0.0,0.0,0.0,3,192.0,712.2,936.2,480.0,24.4
0.0,4.5,163.3,3,176.5,780.1,1058.6,166.1,10.76
200.9,11.2,0.0,7,144.7,803.7,1004.6,286.3,38.0
0.0,0.0,0.0,7,183.0,808.0,1088.0,275.0,14.2
24.0,11.6,79.0,3,162.0,712.0,967.0,446.0,35.36
203.5,0.0,0.0,7,185.7,759.3,1076.2,135.7,7.51
0.0,0.0,0.0,90,192.0,830.0,1012.0,310.0,35.76
141.3,0.0,0.0,7,203.5,750.0,973.4,212.0,15.03
102.0,0.0,0.0,7,192.0,943.1,888.0,153.0,8.37
97.1,12.1,0.0,91,157.9,925.7,852.1,388.6,57.6
178.0,18.0,139.0,28,168.0,695.0,944.0,152.0,36.35
0.0,11.7,174.2,28,154.6,775.5,1052.3,213.5,45.94
0.0,0.0,0.0,7,189.0,613.0,1125.0,525.0,42.42
0.0,12.0,184.0,28,167.0,772.0,991.0,151.0,15.57
0.0,0.0,0.0,7,186.0,784.0,1111.0,382.0,11.47
114.0,0.0,0.0,28,228.0,670.0,932.0,266.0,45.85
24.0,11.6,79.0,56,162.0,712.0,967.0,446.0,55.25
121.0,9.0,94.0,28,188.0,696.0,904.0,287.0,41.94
0.0,10.4,100.4,14,159.4,903.8,1003.8,212.6,25.37
53.8,9.6,121.9,56,155.6,780.6,1014.3,214.9,53.96
0.0,8.7,100.4,100,159.3,903.6,1007.8,212.5,42.92
0.0,0.0,0.0,3,194.0,885.0,968.0,236.0,6.47
142.5,0.0,0.0,7,228.0,594.0,932.0,332.5,30.28
0.0,0.0,143.6,14,163.8,900.9,1005.6,165.0,16.88
106.3,16.5,0.0,28,153.5,887.1,852.1,425.0,60.29
0.0,0.0,0.0,28,186.0,734.0,1040.0,397.0,36.94
189.0,22.0,0.0,7,145.9,755.8,944.7,389.9,59.09
210.7,0.0,0.0,28,185.7,689.3,977.0,316.1,38.7
0.0,7.9,111.9,28,184.4,815.9,992.0,151.6,12.18
136.3,7.5,106.2,28,178.1,774.3,941.5,143.8,26.15
116.0,0.0,0.0,3,192.0,856.8,946.8,173.0,6.94
0.0,0.0,0.0,7,192.0,945.0,889.8,255.0,10.22
133.0,0.0,0.0,90,192.0,806.2,965.4,200.0,43.25
237.5,0.0,0.0,28,228.0,594.0,932.0,237.5,30.08
54.6,11.9,123.8,28,140.8,792.7,1075.7,218.2,55.51
0.0,0.0,0.0,3,192.0,721.0,936.0,480.0,24.39
189.0,11.6,0.0,28,164.9,755.8,944.7,362.6,71.3
129.9,7.8,128.6,14,175.5,746.6,1006.3,167.4,31.81
203.5,0.0,0.0,90,203.5,631.0,965.4,305.3,54.6
0.0,14.2,98.8,56,146.3,889.0,987.8,252.3,55.83
0.0,0.0,0.0,7,186.0,758.0,1038.0,375.0,26.06
0.0,5.3,95.7,100,191.8,857.2,948.9,250.0,41.16
0.0,0.0,0.0,7,185.7,754.3,1069.2,339.2,21.18
0.0,11.7,174.2,3,159.2,771.9,1043.6,213.5,15.61
129.8,3.6,118.6,100,179.9,746.8,1007.3,178.0,49.99
0.0,0.0,0.0,90,192.0,945.0,889.8,255.0,21.86
0.0,10.0,165.7,28,180.2,804.9,961.0,134.7,13.29
15.0,5.5,141.0,56,179.0,801.0,842.0,284.0,44.52
212.0,0.0,0.0,3,203.5,748.5,971.8,141.3,4.83
0.0,3.0,0.0,28,182.0,817.0,986.0,336.0,44.86
0.0,7.8,125.4,28,162.1,804.0,1090.0,190.7,26.4
124.1,0.0,0.0,28,185.7,764.3,1083.4,186.2,17.6
0.0,10.5,106.7,28,221.4,778.4,819.2,296.0,31.42
144.7,8.0,0.0,28,178.1,822.2,999.7,152.7,19.01
0.0,3.4,0.0,28,181.9,816.8,985.8,336.5,44.87
0.0,0.0,0.0,7,182.0,820.0,1100.0,250.0,12.73
0.0,7.8,125.4,56,162.1,804.0,1090.0,190.7,35.34
0.0,0.0,0.0,180,192.0,825.0,978.0,331.0,39.0
0.0,0.0,0.0,28,186.0,769.0,1090.0,296.0,25.18
0.0,14.2,98.8,100,146.3,889.0,987.8,252.3,60.95
187.0,7.0,0.0,28,191.0,757.0,824.0,366.0,65.91
0.0,0.0,0.0,7,228.0,594.0,932.0,475.0,38.6
0.0,9.4,96.2,56,168.1,865.0,961.2,290.4,45.08
212.0,0.0,0.0,90,203.5,748.5,971.8,141.3,39.66
153.0,0.0,0.0,7,192.0,942.0,887.0,102.0,7.68
196.0,6.0,98.0,28,199.0,783.0,847.0,136.0,26.97
13.6,4.1,172.4,3,156.8,856.4,1006.3,172.4,21.29
0.0,0.0,0.0,90,192.0,842.6,931.2,333.0,41.68
166.4,8.9,0.0,28,174.0,790.0,881.6,325.6,61.24
20.0,13.9,94.0,3,157.0,845.0,938.0,387.0,25.51
20.0,14.3,94.0,28,157.0,845.0,938.0,387.0,50.24
0.0,0.0,0.0,360,192.0,825.0,978.0,331.0,41.24
170.3,0.0,0.0,7,185.7,724.3,1026.6,255.5,17.24
100.6,10.4,78.4,28,170.6,762.9,935.7,259.9,49.77
0.0,0.0,0.0,28,228.0,594.0,932.0,475.0,39.29
161.6,10.4,125.8,28,171.6,764.4,922.6,136.4,29.07
0.0,7.8,124.8,56,159.0,799.5,1085.4,212.0,45.08
0.0,12.8,98.8,3,158.1,889.0,987.8,249.1,15.36
142.5,0.0,0.0,28,228.0,594.0,932.0,332.5,33.02
38.0,0.0,0.0,90,228.0,670.0,932.0,342.0,50.46
0.0,11.6,183.9,28,166.6,772.2,991.2,150.9,15.57
212.0,0.0,0.0,28,203.5,748.5,971.8,141.3,29.89
0.0,0.0,0.0,14,214.6,762.4,1003.5,376.0,25.62
145.0,8.0,0.0,28,178.0,824.0,867.0,313.0,44.39
0.0,6.7,121.6,28,174.0,778.5,1056.4,231.8,33.73
0.0,7.5,100.5,56,165.6,905.9,1006.4,194.7,33.96
0.0,0.0,0.0,7,184.0,783.0,1063.0,325.0,17.54
137.0,6.0,107.0,28,201.0,655.0,878.0,298.0,53.52
0.0,11.1,107.0,28,209.7,744.2,879.6,298.2,31.88
0.0,8.9,95.6,3,171.5,859.2,955.1,295.7,22.95
0.0,7.0,94.1,3,186.7,847.0,949.9,238.1,19.93
0.0,0.0,0.0,180,192.0,850.0,970.0,310.0,37.33
262.2,8.6,0.0,7,175.5,611.8,1046.9,313.3,42.8
116.0,9.0,90.0,28,180.0,768.0,870.0,276.0,44.28
155.5,0.0,0.0,28,185.7,724.3,1026.6,170.3,25.73
0.0,8.0,0.0,28,178.0,822.0,1000.0,313.0,25.1
121.0,7.0,0.0,28,177.0,829.0,908.0,288.0,42.13
0.0,9.4,96.2,14,168.1,865.0,961.2,290.4,34.67
0.0,10.0,166.0,28,180.0,805.0,961.0,135.0,13.29
262.2,8.6,0.0,3,175.5,611.8,1046.9,313.3,28.8
155.5,0.0,0.0,7,185.7,724.3,1026.6,170.3,10.73
0.0,0.0,0.0,365,193.0,812.0,968.0,307.0,36.15
24.0,11.6,79.0,28,162.0,712.0,967.0,446.0,57.03
0.0,4.6,118.3,14,195.5,758.6,1029.4,230.0,20.08
0.0,9.4,96.2,28,168.1,865.0,961.2,290.4,34.74
121.0,7.0,0.0,28,177.4,829.5,907.9,288.4,42.14
13.6,4.1,172.4,56,156.8,856.4,1006.3,172.4,35.85
0.0,9.9,121.4,100,159.5,777.5,1053.6,275.1,58.61
102.0,0.0,0.0,28,192.0,943.1,888.0,153.0,17.96
135.7,0.0,0.0,7,185.7,759.3,1076.2,203.5,11.96
98.1,6.9,24.5,14,181.7,785.4,1065.8,213.7,30.39
0.0,0.0,0.0,3,193.0,812.0,968.0,307.0,12.54
189.0,11.6,0.0,7,164.9,755.8,944.7,362.6,55.9
0.0,11.3,124.1,14,158.5,794.9,1078.7,218.9,26.05
42.1,5.7,163.8,100,121.8,780.1,1058.7,168.0,39.23
0.0,0.0,0.0,180,173.0,613.0,1125.0,540.0,71.62
0.0,0.0,0.0,28,185.0,769.0,1069.0,295.0,25.18
106.3,18.6,0.0,91,151.4,803.7,936.0,425.0,66.7
0.0,0.0,0.0,28,203.0,775.0,974.0,350.0,27.34
190.0,0.0,0.0,90,228.0,670.0,932.0,190.0,42.33
11.0,1.7,141.0,56,206.0,801.0,942.0,202.0,23.25
93.4,9.7,159.9,14,172.3,746.6,1007.2,173.8,29.55
0.0,10.2,174.7,56,154.8,776.4,1053.5,213.7,46.64
0.0,5.8,118.3,100,192.9,754.3,1043.6,251.4,40.15
20.0,14.3,94.0,56,157.0,845.0,938.0,387.0,56.34
0.0,0.0,0.0,28,185.7,784.3,1104.6,381.4,22.49
0.0,10.0,113.0,28,170.0,783.0,925.0,314.0,38.46
0.0,15.6,185.3,28,166.7,678.0,1074.5,150.7,13.46
38.0,0.0,0.0,180,228.0,670.0,932.0,342.0,52.12
0.0,9.9,125.2,3,161.9,802.6,1088.1,190.3,9.45
0.0,0.0,0.0,180,198.0,863.0,968.0,254.0,27.63
0.0,10.4,100.4,56,159.4,903.8,1003.8,212.6,44.4
212.5,14.3,0.0,3,155.7,880.4,852.1,318.8,25.2
26.0,3.9,123.0,56,210.0,699.0,882.0,491.0,59.59
236.0,12.6,0.0,28,175.8,892.7,846.8,149.5,32.96
0.0,5.7,121.6,14,180.3,779.3,1057.6,212.1,20.92
189.0,11.6,0.0,91,164.9,755.8,944.7,362.6,79.3
169.4,8.4,142.7,28,190.7,643.5,967.4,143.0,29.73
94.7,11.4,0.0,28,147.4,852.1,946.8,401.8,68.5
0.0,20.0,136.0,28,158.0,768.0,903.0,385.0,55.55
0.0,0.0,0.0,90,192.0,809.0,1056.0,349.0,40.66
0.0,7.5,100.5,3,165.6,905.9,1006.4,194.7,12.45
0.0,18.0,175.0,28,158.0,844.0,943.0,144.0,15.42
0.0,0.0,0.0,28,186.0,789.0,1119.0,238.0,17.54
128.9,9.5,100.4,28,172.4,804.9,825.1,279.8,52.83
0.0,0.0,143.6,100,163.8,900.9,1005.6,165.0,37.96
0.0,8.9,95.6,100,171.5,859.2,955.1,295.7,52.04
209.0,7.0,161.0,28,201.0,669.0,848.0,159.0,30.88
0.0,0.0,0.0,365,197.0,781.0,968.0,339.0,38.89
0.0,0.0,0.0,7,192.0,821.0,1025.0,331.0,17.44
149.0,15.0,116.0,28,175.0,720.0,953.0,159.0,27.68
0.0,0.0,0.0,180,203.0,817.0,974.0,302.0,26.74
0.0,4.6,94.6,14,197.9,852.2,947.0,233.8,22.14
129.9,7.8,128.6,28,175.5,746.6,1006.3,167.4,41.2
192.0,0.0,0.0,7,192.0,717.8,932.0,288.0,23.52
106.3,16.5,0.0,3,153.5,887.1,852.1,425.0,33.4
133.7,5.5,0.0,28,194.9,760.1,924.1,289.0,46.25
0.0,0.0,0.0,3,192.0,809.0,1056.0,349.0,15.87
106.3,16.5,0.0,91,153.5,887.1,852.1,425.0,65.2
132.4,0.0,0.0,90,192.0,825.5,978.4,198.6,38.07
0.0,0.0,0.0,7,173.0,613.0,1125.0,540.0,52.61
0.0,0.0,0.0,14,189.0,613.0,1125.0,525.0,48.4
0.0,12.8,98.8,28,158.1,889.0,987.8,249.1,30.85
180.0,10.4,120.0,28,162.0,765.0,830.0,275.0,76.24
342.1,0.0,0.0,7,185.7,674.3,955.8,228.0,21.92
22.0,8.5,132.0,7,178.0,750.0,822.0,424.0,39.0
190.1,18.8,148.1,28,178.8,741.4,838.1,162.0,33.76
0.0,0.0,0.0,7,192.0,842.6,931.2,333.0,23.4
0.0,0.0,0.0,14,191.0,856.0,968.0,277.0,21.26
0.0,4.6,118.3,100,195.5,758.6,1029.4,230.0,35.34
0.0,11.0,128.0,28,182.0,780.0,870.0,321.0,37.26
118.8,8.9,0.0,91,181.1,781.5,852.1,475.0,74.19
342.1,0.0,0.0,28,185.7,674.3,955.8,228.0,39.7
207.0,10.0,172.0,28,216.0,638.0,822.0,162.0,39.84
97.8,11.2,24.5,28,160.7,782.5,1061.7,277.2,63.14
0.0,0.0,0.0,1,186.0,763.0,966.0,385.0,6.27
200.0,0.0,0.0,7,192.0,839.2,927.4,133.0,13.66
0.0,7.5,100.5,28,170.2,901.8,998.0,194.7,37.27
189.0,9.5,0.0,3,174.9,755.8,944.7,337.9,24.1
47.5,0.0,0.0,90,228.0,594.0,932.0,427.5,41.54
0.0,11.8,97.4,14,160.6,875.6,973.9,277.1,41.89
189.0,9.5,0.0,91,174.9,755.8,944.7,337.9,67.8
183.9,0.0,0.0,90,203.5,800.1,958.2,122.6,33.19
0.0,0.0,0.0,56,203.0,775.0,974.0,350.0,29.98
75.4,7.9,167.0,3,164.0,770.1,1007.3,167.0,15.52
20.0,14.3,94.0,7,157.0,845.0,938.0,387.0,36.84
24.0,11.6,79.0,7,162.0,712.0,967.0,446.0,38.02
210.7,0.0,0.0,7,185.7,689.3,977.0,316.1,24.44
0.0,8.9,95.6,14,171.5,859.2,955.1,295.7,35.23
0.0,7.5,100.5,14,170.2,901.8,998.0,194.7,24.28
106.3,16.5,0.0,56,153.5,887.1,852.1,425.0,64.3
0.0,10.2,174.7,100,154.8,776.4,1053.5,213.7,50.08
118.0,7.0,92.0,28,183.0,780.0,953.0,149.0,23.52
238.2,0.0,0.0,7,185.7,734.3,1040.6,158.8,9.62
0.0,5.5,95.7,3,187.4,861.2,956.9,250.0,13.82
169.6,8.1,0.0,28,194.9,802.3,811.0,330.5,56.62
0.0,7.8,124.8,3,159.0,799.5,1085.4,212.0,19.52
183.0,9.0,0.0,28,193.0,697.0,1047.0,155.0,18.28
0.0,7.5,100.5,28,165.6,905.9,1006.4,194.7,25.72
0.0,12.0,125.1,100,143.3,800.9,1086.8,246.8,66.42
0.0,7.6,167.0,100,169.6,777.8,1055.6,181.4,45.37
42.2,10.8,124.3,56,158.3,796.2,1080.8,168.9,39.15
102.0,0.0,0.0,3,192.0,943.1,888.0,153.0,4.78
94.7,11.4,0.0,56,147.4,852.1,946.8,401.8,73.7
151.2,15.9,0.0,56,153.9,605.0,1134.3,379.5,54.9
359.4,0.0,0.0,28,185.7,664.3,941.6,239.6,39.44
0.0,0.0,0.0,28,185.7,789.3,1118.8,238.1,17.58
0.0,9.5,117.5,56,174.8,753.5,1022.8,297.2,51.96
17.6,15.3,158.0,28,189.0,633.0,967.0,334.0,44.33
0.0,0.0,0.0,3,192.0,842.6,931.2,333.0,15.62
117.0,7.0,91.0,28,191.0,666.0,946.0,277.0,43.57
129.8,3.6,118.6,28,179.9,746.8,1007.3,178.0,39.16
20.0,11.6,94.0,28,157.0,845.0,938.0,387.0,46.68
0.0,0.0,0.0,270,200.0,613.0,1125.0,500.0,55.16
0.0,8.0,112.0,28,184.0,816.0,992.0,152.0,12.18
173.0,0.0,0.0,90,192.0,891.9,909.8,116.0,31.02
237.0,12.0,0.0,28,174.0,675.0,1069.0,150.0,37.43
0.0,6.1,118.2,14,195.2,757.6,1028.1,229.7,22.32
0.0,10.4,115.6,28,196.0,813.4,817.9,322.2,31.18
0.0,0.0,0.0,28,192.0,806.0,1047.0,349.0,32.72
0.0,14.2,98.8,28,146.3,889.0,987.8,252.3,50.6
15.0,5.5,141.0,28,179.0,801.0,842.0,284.0,43.73
0.0,0.0,0.0,90,189.0,613.0,1125.0,525.0,58.78
19.0,10.9,141.0,28,154.0,801.0,942.0,359.0,62.94
128.5,8.1,132.1,14,175.1,746.6,1005.8,165.0,33.09
145.0,8.0,113.0,28,178.5,824.0,867.2,153.1,26.23
0.0,4.5,96.7,14,189.3,870.3,967.1,222.4,24.45
0.0,0.0,0.0,28,203.0,800.0,974.0,322.0,25.18
190.0,7.6,0.0,28,163.0,685.0,1031.0,285.0,53.58
0.0,0.0,0.0,28,185.0,734.0,1040.0,397.0,39.09
0.0,7.8,125.4,14,162.1,804.0,1090.0,190.7,21.06
0.0,0.0,0.0,90,203.0,775.0,974.0,350.0,31.35
189.0,11.6,0.0,28,164.9,755.8,944.7,362.6,71.3
170.3,0.0,0.0,28,185.7,724.3,1026.6,255.5,32.05
0.0,0.0,0.0,7,192.0,765.0,1085.0,296.0,14.2
0.0,9.0,143.0,28,193.0,868.0,877.0,155.0,9.74
93.4,9.7,159.9,28,172.3,746.6,1007.2,173.8,37.81
0.0,0.0,0.0,7,187.0,745.0,1025.0,400.0,30.14
111.0,6.0,86.0,28,195.0,790.0,833.0,265.0,41.54
158.8,0.0,0.0,28,185.7,734.3,1040.6,238.2,26.91
178.1,18.3,138.7,28,167.5,694.6,944.0,151.8,36.35
0.0,9.0,143.0,28,193.0,697.0,1047.0,155.0,12.46
188.0,11.3,146.4,28,203.2,709.7,828.7,160.2,35.31
26.0,3.9,123.0,3,201.0,699.0,822.0,491.0,29.55
122.6,0.0,0.0,90,203.5,800.0,959.2,183.9,32.53
0.0,0.0,0.0,28,192.0,825.0,978.0,331.0,31.45
0.0,0.0,0.0,28,192.0,758.0,940.0,393.0,39.58
282.8,10.3,0.0,3,183.8,659.9,942.7,323.7,28.3
0.0,4.6,94.6,56,197.9,852.2,947.0,233.8,27.66
95.0,0.0,0.0,7,228.0,594.0,932.0,380.0,32.82
0.0,6.9,0.0,28,185.0,720.0,920.0,528.0,56.83
0.0,0.0,0.0,7,192.0,895.3,913.2,289.0,14.6
167.0,11.0,130.0,28,174.0,785.0,883.0,142.0,44.61
0.0,9.8,99.6,28,196.0,705.2,959.4,304.8,30.12
111.0,5.9,86.5,28,195.5,790.4,832.6,264.5,41.54
100.0,9.0,78.0,28,201.0,761.0,864.0,261.0,32.4
0.0,6.4,118.3,3,188.5,757.7,1028.4,251.4,13.12
114.6,8.8,89.3,28,201.9,829.5,860.0,146.5,19.99
243.5,10.7,0.0,28,180.3,697.7,1022.0,155.6,37.36
0.0,4.5,96.7,100,189.3,870.3,967.1,222.4,40.71
95.0,0.0,0.0,270,228.0,594.0,932.0,380.0,41.15
0.0,0.0,0.0,120,192.0,830.0,1012.0,310.0,38.7
22.0,8.9,132.0,56,168.0,750.0,822.0,424.0,74.36
290.2,0.0,0.0,28,185.7,704.3,998.2,193.5,32.63
0.0,12.4,99.9,100,146.1,899.8,1006.0,251.8,45.37
151.2,15.9,0.0,7,153.9,605.0,1134.3,379.5,47.1
0.0,6.4,118.3,14,188.5,757.7,1028.4,251.4,24.43
24.0,11.6,79.0,7,162.0,712.0,967.0,446.0,52.01
53.8,9.6,121.9,100,155.6,780.6,1014.3,214.9,56.63
166.6,10.9,129.7,28,173.5,785.3,882.6,141.9,44.61
0.0,5.8,118.3,3,192.9,754.3,1043.6,251.4,11.98
140.0,6.0,0.0,28,214.0,722.0,895.0,304.0,33.42
0.0,9.1,142.8,28,193.3,867.7,877.2,154.8,9.74
0.0,4.0,0.0,28,140.0,853.0,966.0,500.0,67.57
0.0,0.0,0.0,28,185.0,784.0,1111.0,252.0,19.69
0.0,0.0,0.0,7,200.0,613.0,1125.0,500.0,33.21
20.0,11.6,94.0,3,157.0,845.0,938.0,387.0,34.77
0.0,5.3,95.7,56,191.8,857.2,948.9,250.0,39.64
0.0,8.0,113.0,28,178.0,689.0,1002.0,313.0,36.8
0.0,0.0,0.0,90,192.0,758.0,940.0,393.0,48.79
212.5,14.3,0.0,91,155.7,880.4,852.1,318.8,68.1
0.0,12.8,98.8,14,158.1,889.0,987.8,249.1,28.68
0.0,0.0,0.0,3,214.6,762.4,1003.5,376.0,16.28
0.0,7.0,94.1,28,186.7,847.0,949.9,238.1,30.23
117.6,7.1,91.7,28,182.9,780.3,953.4,149.0,23.52
0.0,8.0,179.0,28,202.0,869.0,824.0,145.0,10.54
95.0,0.0,0.0,28,228.0,594.0,932.0,380.0,36.45
236.0,13.0,0.0,28,176.0,893.0,847.0,149.0,32.96
139.9,6.2,0.0,28,213.5,722.5,895.5,303.6,33.42
142.8,22.1,111.2,28,167.8,651.2,913.9,309.9,38.22
0.0,16.1,136.6,28,158.1,830.1,1001.8,148.1,17.96
0.0,7.0,94.1,100,186.7,847.0,949.9,238.1,44.3
192.0,0.0,0.0,90,192.0,717.8,932.0,288.0,50.53
0.0,5.3,95.7,28,191.8,857.2,948.9,250.0,27.22
20.0,11.6,94.0,56,157.0,845.0,938.0,387.0,61.46
0.0,0.0,0.0,3,192.0,895.3,913.2,289.0,11.65
93.8,23.4,0.0,3,126.6,992.6,852.1,375.0,29.0
177.0,11.1,0.0,91,186.0,707.9,884.9,439.0,73.3
0.0,0.0,0.0,7,192.0,825.0,978.0,331.0,16.26
189.0,11.6,0.0,91,164.9,755.8,944.7,362.6,79.3
86.0,6.0,190.0,28,213.0,623.0,923.0,184.0,22.93
0.0,8.0,0.0,28,178.1,822.2,999.7,312.7,25.1
0.0,0.0,0.0,28,184.0,795.0,1075.0,300.0,26.85
166.8,0.0,0.0,3,203.5,694.1,977.6,250.2,9.73
20.0,14.3,94.0,3,157.0,845.0,938.0,387.0,22.75
212.0,0.0,0.0,7,203.5,748.5,971.8,141.3,10.39
112.0,10.0,87.0,28,178.0,745.0,910.0,266.0,39.42
162.0,10.0,126.0,28,172.0,764.0,923.0,136.0,29.07
133.0,0.0,0.0,7,192.0,806.2,965.4,200.0,17.17
0.0,12.0,125.1,56,143.3,800.9,1086.8,246.8,60.32
22.0,8.5,132.0,28,178.0,750.0,822.0,424.0,62.05
166.8,0.0,0.0,28,203.5,694.1,977.6,250.2,36.96
129.8,3.6,118.6,14,179.9,746.8,1007.3,178.0,34.24
0.0,10.2,174.7,28,154.8,776.4,1053.5,213.7,40.15
209.4,0.0,0.0,3,192.0,806.9,1047.0,139.6,8.06
0.0,6.1,118.2,28,195.2,757.6,1028.1,229.7,24.54
13.6,4.1,172.4,28,156.8,856.4,1006.3,172.4,33.69
0.0,0.0,0.0,90,192.0,712.2,936.2,480.0,54.32
0.0,11.7,150.4,28,181.6,728.9,1023.3,164.6,18.03
272.8,0.0,0.0,28,185.7,714.3,1012.4,181.9,27.94
183.9,0.0,0.0,3,203.5,800.1,958.2,122.6,3.32
0.0,0.0,0.0,180,200.0,613.0,1125.0,500.0,51.04
187.0,11.0,0.0,28,176.0,789.0,990.0,159.0,32.76
50.1,6.5,173.5,100,164.8,793.5,1006.2,173.5,56.06
94.7,11.4,0.0,7,147.4,852.1,946.8,401.8,54.1
129.9,7.8,128.6,56,175.5,746.6,1006.3,167.4,51.72
38.0,0.0,0.0,270,228.0,670.0,932.0,342.0,55.06
0.0,0.0,0.0,90,192.0,821.0,1025.0,331.0,37.91
0.0,0.0,0.0,3,192.0,785.6,940.6,393.0,19.2
0.0,6.1,118.2,3,195.2,757.6,1028.1,229.7,13.36
141.3,0.0,0.0,28,203.5,750.0,973.4,212.0,33.0
209.4,0.0,0.0,90,192.0,806.9,1047.0,139.6,39.36
0.0,12.4,99.9,28,146.1,899.8,1006.0,251.8,33.94
0.0,9.9,125.2,56,161.9,802.6,1088.1,190.3,38.56
0.0,0.0,0.0,90,228.0,670.0,932.0,380.0,52.91
42.2,10.8,124.3,3,158.3,796.2,1080.8,168.9,7.4
0.0,9.9,125.2,100,161.9,802.6,1088.1,190.3,40.39
0.0,0.0,0.0,3,192.0,806.0,1047.0,349.0,14.99
117.2,32.2,0.0,3,137.8,840.5,852.1,469.0,40.2
262.2,8.6,0.0,56,175.5,611.8,1046.9,313.3,64.9
0.0,9.0,0.0,28,151.0,655.0,1033.0,500.0,69.84
24.0,11.6,79.0,3,162.0,712.0,967.0,446.0,23.35
0.0,11.0,142.0,28,193.0,778.0,801.0,356.0,40.87
0.0,0.0,0.0,28,185.0,754.0,1069.0,339.0,31.84
0.0,12.0,150.0,28,182.0,729.0,1023.0,165.0,18.03
230.0,3.0,0.0,28,202.0,872.0,827.0,146.0,33.06
305.3,0.0,0.0,3,203.5,630.0,963.4,203.5,9.56
42.2,10.8,124.3,14,158.3,796.2,1080.8,168.9,23.51
0.0,0.0,0.0,3,192.0,830.0,1012.0,310.0,11.85
117.2,32.2,0.0,91,137.8,840.5,852.1,469.0,70.7
169.0,8.0,143.0,28,191.0,643.0,967.0,143.0,29.72
0.0,5.8,118.3,14,188.5,757.7,1028.4,251.4,29.93
189.0,11.6,0.0,91,164.9,755.8,944.7,362.6,79.3
0.0,0.0,0.0,90,192.0,850.0,970.0,310.0,34.68
0.0,7.5,100.5,100,165.6,905.9,1006.4,194.7,37.34
145.0,8.0,0.0,28,178.5,688.7,1001.9,313.3,41.05
0.0,0.0,0.0,28,192.0,809.0,1056.0,349.0,33.61
0.0,0.0,0.0,28,185.7,754.3,1069.2,339.2,31.9
0.0,0.0,0.0,7,146.0,896.0,896.0,522.0,50.51
238.2,0.0,0.0,28,185.7,734.3,1040.6,158.8,21.07
145.0,8.0,0.0,28,127.0,822.0,1000.0,313.0,44.52
145.0,8.0,0.0,28,178.5,824.0,867.2,313.3,40.93
170.0,8.0,133.0,28,192.0,805.0,814.0,144.0,29.87
26.0,3.9,123.0,7,210.0,699.0,882.0,491.0,33.49
200.9,11.2,0.0,3,144.7,803.7,1004.6,286.3,24.4
134.0,6.0,0.0,28,195.0,760.0,924.0,289.0,46.24
0.0,0.0,0.0,7,192.0,830.0,1012.0,310.0,17.24
0.0,0.0,0.0,120,192.0,821.0,1025.0,331.0,39.38
24.0,11.6,79.0,56,162.0,712.0,967.0,446.0,61.07
189.2,10.1,0.0,3,170.1,756.7,926.1,374.0,34.4
259.7,12.7,0.0,28,183.2,826.8,858.8,166.0,37.92
139.4,6.1,108.6,28,192.7,780.0,892.4,148.5,23.7
0.0,5.8,118.3,56,192.9,754.3,1043.6,251.4,39.27
0.0,0.0,0.0,28,186.0,770.0,1050.0,350.0,34.29
0.0,5.5,95.7,100,187.4,861.2,956.9,250.0,42.35
0.0,12.0,125.1,3,143.3,800.9,1086.8,246.8,23.52
97.1,12.1,0.0,7,157.9,925.7,852.1,388.6,34.9
17.2,20.8,158.0,28,167.0,633.0,967.0,397.0,55.65
0.0,0.0,0.0,7,203.0,775.0,974.0,350.0,18.13
183.9,0.0,0.0,28,203.5,800.1,958.2,122.6,24.29
0.0,4.6,118.3,3,195.5,758.6,1029.4,230.0,10.03
19.0,10.9,141.0,3,154.0,801.0,942.0,359.0,23.64
0.0,5.8,118.3,28,192.9,754.3,1043.6,251.4,33.27
148.6,8.5,0.0,28,185.8,709.5,951.0,322.5,52.43
174.0,7.0,185.0,28,228.0,612.0,845.0,154.0,24.34
122.6,0.0,0.0,7,203.5,800.0,959.2,183.9,10.79
144.2,10.1,112.3,28,220.1,657.9,923.2,153.6,16.5
132.4,0.0,0.0,7,192.0,825.5,978.4,198.6,14.64
47.5,0.0,0.0,270,228.0,594.0,932.0,427.5,43.01
129.0,9.0,100.0,28,172.0,805.0,825.0,280.0,52.82
0.0,7.8,125.4,100,162.1,804.0,1090.0,190.7,40.57
0.0,7.6,167.0,14,169.6,777.8,1055.6,181.4,21.6
0.0,28.2,0.0,3,141.8,893.7,852.1,531.3,41.3
0.0,9.9,125.2,14,166.6,798.9,1079.0,190.3,19.42
163.9,5.8,127.7,28,236.7,655.6,868.6,139.7,35.23
47.5,0.0,0.0,365,228.0,594.0,932.0,427.5,43.7
129.8,3.6,118.6,56,179.9,746.8,1007.3,178.0,48.59
0.0,10.0,100.0,28,196.0,705.0,959.0,305.0,30.12
151.2,15.9,0.0,28,153.9,605.0,1134.3,379.5,52.2
117.2,32.2,0.0,7,137.8,840.5,852.1,469.0,54.9
116.0,5.7,119.0,28,184.0,880.0,833.0,145.0,29.16
11.0,1.7,141.0,28,206.0,801.0,942.0,202.0,21.97
0.0,0.0,0.0,28,175.0,695.0,1120.0,405.0,52.3
209.4,0.0,0.0,180,192.0,806.9,1047.0,139.6,44.21
24.0,11.6,79.0,7,162.0,712.0,967.0,446.0,39.3
189.0,11.6,0.0,91,164.9,755.8,944.7,362.6,79.3
0.0,5.3,95.7,3,191.8,857.2,948.9,250.0,8.49
98.1,6.7,24.5,14,181.7,785.5,1066.0,213.8,17.84
11.0,1.7,141.0,3,206.0,801.0,942.0,202.0,9.85
190.0,0.0,0.0,28,228.0,670.0,932.0,190.0,40.86
106.3,16.5,0.0,28,153.5,887.1,852.1,425.0,60.29
0.0,0.0,0.0,7,184.0,795.0,1075.0,300.0,15.58
288.0,0.0,0.0,90,192.0,716.1,929.8,192.0,50.73
0.0,0.0,0.0,180,197.0,781.0,968.0,339.0,36.45
94.7,11.4,0.0,91,147.4,852.1,946.8,401.8,75.5
0.0,0.0,0.0,28,218.0,719.7,838.4,436.0,23.85
101.0,10.0,78.0,28,171.0,763.0,936.0,260.0,49.77
0.0,0.0,0.0,7,193.0,885.0,968.0,236.0,9.99
142.5,0.0,0.0,365,228.0,594.0,932.0,332.5,41.05
0.0,4.6,94.6,100,197.9,852.2,947.0,233.8,34.56
0.0,0.0,0.0,28,193.0,812.0,968.0,307.0,27.53
114.0,0.0,0.0,270,228.0,670.0,932.0,266.0,51.73
190.0,0.0,0.0,365,228.0,670.0,932.0,190.0,53.69
243.0,11.0,0.0,28,180.0,698.0,1022.0,156.0,37.36
0.0,5.2,0.0,28,175.0,805.0,870.0,520.0,51.02
15.0,5.5,141.0,7,179.0,801.0,842.0,284.0,24.13
0.0,6.4,118.3,28,188.5,757.7,1028.4,251.4,32.66
93.4,9.7,159.9,56,172.3,746.6,1007.2,173.8,48.99
0.0,11.0,107.0,28,210.0,744.0,880.0,298.0,31.87
189.0,11.6,0.0,7,164.9,755.8,944.7,362.6,55.9
0.0,7.5,100.5,14,165.6,905.9,1006.4,194.7,24.99
106.3,16.5,0.0,7,153.5,887.1,852.1,425.0,49.2
0.0,0.0,0.0,28,185.0,739.0,1047.0,382.0,37.42
145.3,8.0,113.2,28,178.9,690.2,869.1,314.0,46.23
0.0,0.0,0.0,28,194.0,885.0,968.0,236.0,18.42
0.0,14.2,98.8,3,146.3,889.0,987.8,252.3,21.78
0.0,0.0,0.0,28,186.0,763.0,966.0,385.0,31.35
143.0,22.0,111.0,28,168.0,651.0,914.0,310.0,33.69
114.0,0.0,0.0,365,228.0,670.0,932.0,266.0,52.91
50.1,6.5,173.5,14,164.8,793.5,1006.2,173.5,33.01
0.0,0.0,0.0,7,192.0,809.0,1056.0,349.0,9.01
183.9,0.0,0.0,7,203.5,800.1,958.2,122.6,10.35
0.0,0.0,0.0,3,197.0,781.0,968.0,339.0,13.22
166.8,0.0,0.0,90,203.5,694.1,977.6,250.2,47.71
0.0,11.7,174.2,28,159.2,771.9,1043.6,213.5,44.64
145.0,8.0,113.0,28,179.0,690.0,869.0,314.0,46.23
0.0,9.9,125.2,14,161.9,802.6,1088.1,190.3,22.72
106.3,18.6,0.0,56,151.4,803.7,936.0,425.0,64.9
53.8,9.6,121.9,3,155.6,780.6,1014.3,214.9,18.02
0.0,0.0,0.0,90,192.0,825.0,978.0,331.0,37.23
162.4,0.0,0.0,7,203.5,849.0,938.2,108.3,7.72
132.4,0.0,0.0,28,192.0,825.5,978.4,198.6,28.02
0.0,9.5,117.5,14,174.8,753.5,1022.8,297.2,36.99
0.0,0.0,0.0,28,214.6,762.4,1003.5,376.0,31.97
0.0,6.4,118.3,56,188.5,757.7,1028.4,251.4,36.64
0.0,0.0,0.0,3,198.0,863.0,968.0,254.0,9.31
24.0,10.3,79.0,28,162.0,712.0,967.0,446.0,53.39
93.8,23.4,0.0,91,126.6,992.6,852.1,375.0,62.5
24.0,11.6,79.0,28,162.0,712.0,967.0,446.0,51.02
189.0,11.6,0.0,56,164.9,755.8,944.7,362.6,77.3
105.0,9.0,82.0,28,210.0,680.0,904.0,273.0,37.17
0.0,6.4,118.3,100,188.5,757.7,1028.4,251.4,44.21
250.2,0.0,0.0,7,203.5,692.6,975.6,166.8,15.75
0.0,5.7,121.6,56,180.3,779.3,1057.6,212.1,34.2
0.0,0.0,0.0,14,203.0,800.0,974.0,322.0,20.77
0.0,9.9,125.2,56,166.6,798.9,1079.0,190.3,31.72
24.0,11.6,79.0,3,162.0,712.0,967.0,446.0,25.02
117.2,32.2,0.0,28,137.8,840.5,852.1,469.0,66.9
42.1,5.7,163.8,56,121.8,780.1,1058.7,168.0,32.85
0.0,0.0,0.0,28,187.0,745.0,1025.0,400.0,43.7
145.0,8.0,113.0,28,178.0,689.0,1002.0,153.0,25.56
13.6,4.1,172.4,14,156.8,856.4,1006.3,172.4,29.75
97.0,8.0,76.0,28,194.0,821.0,835.0,252.0,33.4
97.1,8.3,75.6,28,193.8,821.4,835.5,252.1,33.4
0.0,0.0,0.0,28,189.0,613.0,1125.0,525.0,55.94
19.0,10.9,141.0,7,154.0,801.0,942.0,359.0,38.61
0.0,0.0,60.0,28,195.0,630.0,1030.0,505.0,64.02
0.0,11.1,133.6,28,180.8,811.5,979.5,144.8,13.2
0.0,0.0,0.0,28,197.0,781.0,968.0,339.0,32.04
0.0,7.0,94.1,56,186.7,847.0,949.9,238.1,39.59
0.0,11.3,124.1,56,158.5,794.9,1078.7,218.9,37.27
17.5,17.9,163.0,28,167.0,652.0,996.0,333.0,47.28
183.4,9.1,0.0,28,193.3,867.7,877.2,154.8,23.79
0.0,4.6,94.6,28,197.9,852.2,947.0,233.8,22.84
118.8,8.9,0.0,7,181.1,781.5,852.1,475.0,55.6
210.0,3.0,0.0,28,196.0,795.0,949.0,133.0,31.03
0.0,11.0,134.0,28,181.0,812.0,979.0,145.0,13.2
0.0,6.7,121.6,3,174.0,778.5,1056.4,231.8,15.44
0.0,9.9,121.4,3,159.5,777.5,1053.6,275.1,23.8
164.0,6.0,128.0,28,237.0,656.0,869.0,140.0,35.23
0.0,0.0,0.0,7,192.0,712.2,936.2,480.0,34.57
0.0,7.5,100.5,100,170.2,901.8,998.0,194.7,44.28
110.5,5.0,86.1,28,195.4,732.6,895.2,261.9,33.72
260.0,13.0,0.0,28,183.0,827.0,859.0,166.0,37.91
116.0,0.0,0.0,7,192.0,856.8,946.8,173.0,11.39
0.0,0.0,0.0,7,185.7,784.3,1104.6,381.4,14.54
153.0,8.0,194.0,28,192.0,623.0,935.0,149.0,24.58
112.3,10.4,87.5,28,177.9,744.5,909.7,266.2,39.42
166.8,0.0,0.0,7,203.5,694.1,977.6,250.2,19.35
118.8,8.9,0.0,56,181.1,781.5,852.1,475.0,72.3
105.1,9.0,81.8,28,209.7,679.7,904.0,272.8,37.17
0.0,11.8,97.4,3,160.6,875.6,973.9,277.1,23.14
0.0,17.9,174.9,28,158.4,844.5,942.7,143.6,15.42
0.0,0.0,0.0,28,192.0,842.6,931.2,333.0,31.97
0.0,6.7,121.6,56,174.0,778.5,1056.4,231.8,42.7
188.0,11.0,146.0,28,203.0,710.0,829.0,160.0,32.84
0.0,2.5,0.0,28,162.0,676.0,1055.0,540.0,61.89
142.8,10.0,0.0,28,167.9,804.0,914.3,310.0,45.3
0.0,0.0,0.0,28,192.0,712.2,936.2,480.0,43.94
0.0,0.0,0.0,28,185.7,769.3,1091.4,295.8,25.22
177.0,11.1,0.0,28,186.0,707.9,884.9,439.0,66.0
142.5,0.0,0.0,90,228.0,594.0,932.0,332.5,37.72
54.6,11.9,123.8,100,140.8,792.7,1075.7,218.2,63.53
75.4,7.9,167.0,56,164.0,770.1,1007.3,167.0,53.46
189.0,9.5,0.0,7,174.9,755.8,944.7,337.9,35.1
50.1,6.5,173.5,56,164.8,793.5,1006.2,173.5,53.77
