Col1,Col2,Col3,Col4,Col5,Col6,Col7,Col8,Col9,Col10,Col11
0,1,0.0945333,0,6,0,0.513333,0.68,0.637629,3,0
0,2,0.264308,1,2,3,0.775417,0.26,0.254417,1,0
1,1,0.174129,1,12,4,0.485833,0.295833,0.294188,4,0
0,3,0.138054,1,11,1,0.91,0.4475,0.445062,4,0
0,1,0.230092,0,5,6,0.729583,0.655833,0.612379,2,0
0,1,0.208342,0,7,6,0.585,0.686667,0.638263,3,0
0,2,0.157963,0,1,6,0.49875,0.233333,0.248112,1,0
1,2,0.238813,1,8,5,0.715833,0.715833,0.667942,3,0
0,1,0.153608,0,9,6,0.75375,0.66,0.607962,3,0
0,1,0.248754,0,8,0,0.77,0.710833,0.675525,3,0
1,2,0.156096,1,5,2,0.659583,0.613333,0.577021,2,0
1,1,0.253733,1,6,4,0.569583,0.648333,0.624383,2,0
0,1,0.304659,0,8,0,0.561765,0.707059,0.647959,3,0
0,1,0.15833,1,1,1,0.491739,0.0973913,0.11793,1,0
1,1,0.118167,1,9,4,0.618333,0.546667,0.532192,3,0
0,1,0.1107,1,4,4,0.540417,0.4675,0.462742,2,0
1,1,0.141796,1,8,4,0.519167,0.719167,0.654688,3,0
1,2,0.281104,0,9,6,0.799167,0.659167,0.611121,3,0
0,2,0.152979,0,5,0,0.867083,0.5625,0.536,2,0
1,1,0.261817,1,1,2,0.416667,0.39,0.381317,1,0
0,2,0.148629,1,9,3,0.84875,0.635,0.575158,4,0
0,1,0.174138,1,7,5,0.5425,0.838333,0.785967,3,0
0,2,0.13495,0,5,6,0.9225,0.520833,0.500629,2,0
0,2,0.288783,1,3,1,0.737391,0.430435,0.409735,2,0
1,1,0.10635,1,10,5,0.6275,0.615,0.580187,4,0
1,2,0.237562,1,11,2,0.786667,0.291667,0.281558,4,0
1,1,0.207713,1,3,1,0.489167,0.466667,0.459592,1,0
0,2,0.219521,1,4,5,0.729583,0.336667,0.321954,2,0
0,1,0.282337,1,7,1,0.635833,0.7625,0.729804,3,0
1,1,0.421642,0,2,6,0.395833,0.290833,0.255675,1,0
0,1,0.131221,0,7,6,0.5,0.849167,0.804287,3,0
1,2,0.0721458,1,8,5,0.615,0.7025,0.6471,3,0
1,2,0.222642,0,1,6,0.83125,0.173333,0.174875,1,0
1,1,0.236325,1,11,1,0.494167,0.319167,0.308075,4,0
0,1,0.368167,0,3,6,0.379167,0.4725,0.466525,1,0
1,2,0.116908,1,8,2,0.70375,0.735833,0.697621,3,0
1,2,0.208967,1,7,5,0.844167,0.665833,0.613025,3,0
1,1,0.173513,1,11,2,0.567083,0.280833,0.281567,4,0
0,1,0.115054,0,9,0,0.71375,0.653333,0.609229,3,0
1,1,0.31965,1,3,4,0.439167,0.494167,0.482304,2,0
0,1,0.0454083,1,2,1,0.738333,0.271667,0.303658,1,0
1,1,0.225117,0,5,0,0.57625,0.6125,0.585238,2,0
0,2,0.164183,1,9,5,0.590417,0.469167,0.461475,3,0
0,1,0.189667,1,5,4,0.7475,0.535,0.523363,2,0
0,1,0.178483,0,9,0,0.695,0.5075,0.490537,3,0
0,1,0.27675,1,8,1,0.47,0.691667,0.638254,3,0
0,1,0.195683,1,2,2,0.577778,0.182222,0.186033,1,0
0,2,0.0503792,0,9,0,0.845,0.634167,0.572637,4,0
0,1,0.160296,1,1,2,0.590435,0.2,0.212122,1,0
0,1,0.12065,1,3,2,0.420833,0.2925,0.3024,1,0
1,1,0.195267,1,7,1,0.447083,0.781667,0.702038,3,0
0,1,0.166658,1,10,2,0.622917,0.471667,0.463375,4,0
0,1,0.20585,1,8,2,0.49125,0.783333,0.707071,3,0
0,1,0.314675,0,11,5,0.44625,0.324167,0.306817,4,1
0,2,0.187192,1,1,1,0.60375,0.180833,0.18625,1,0
0,1,0.200254,1,7,2,0.559167,0.794167,0.739275,3,0
1,1,0.165425,1,7,2,0.704167,0.713333,0.662896,3,0
1,1,0.15735,1,6,4,0.567083,0.6025,0.569442,2,0
0,1,0.172896,1,12,1,0.6375,0.276667,0.280933,4,0
0,1,0.417908,1,2,1,0.375833,0.415,0.39835,1,0
1,1,0.136817,1,5,5,0.523333,0.564167,0.551121,2,0
1,1,0.274871,0,4,6,0.254167,0.4375,0.426129,2,0
0,1,0.200258,1,7,2,0.540833,0.771667,0.696979,3,0
0,1,0.212062,0,11,6,0.552917,0.356667,0.357942,4,0
0,1,0.422275,1,10,4,0.63625,0.475833,0.466525,4,0
1,2,0.126883,0,3,0,0.81,0.4725,0.464,1,0
1,2,0.398008,0,10,0,0.694583,0.4775,0.467771,4,0
0,1,0.1418,0,2,0,0.568333,0.285833,0.291671,1,0
1,1,0.358196,1,4,1,0.3175,0.489167,0.476638,2,0
1,1,0.284833,1,6,1,0.487083,0.5975,0.578283,2,0
0,1,0.104467,0,8,6,0.674167,0.6975,0.648996,3,0
0,1,0.123142,0,6,6,0.45625,0.635,0.594696,2,0
1,2,0.228858,0,8,0,0.845833,0.653333,0.595996,3,0
1,1,0.175383,1,6,5,0.467917,0.649167,0.597862,2,0
0,1,0.154233,1,5,3,0.69625,0.660833,0.615542,2,0
1,1,0.10635,0,12,6,0.650417,0.324167,0.338383,4,0
1,1,0.114429,1,7,2,0.505833,0.818333,0.755683,3,0
0,2,0.207092,1,5,2,0.740833,0.66,0.604813,2,0
0,2,0.197763,1,10,4,0.812917,0.47,0.457046,4,0
1,1,0.118787,1,6,4,0.567917,0.805833,0.752542,3,0
0,2,0.047275,1,12,4,0.7575,0.423333,0.426121,1,0
1,1,0.169771,1,8,3,0.619583,0.706667,0.654037,3,0
0,1,0.233221,0,12,6,0.5075,0.275,0.266412,4,0
1,2,0.0989,1,1,1,0.701667,0.224167,0.247479,1,0
1,1,0.0827208,1,9,4,0.637083,0.6125,0.579558,3,0
0,1,0.0957833,0,12,6,0.612917,0.299167,0.310604,4,0
0,1,0.230725,1,3,5,0.495,0.264167,0.256312,2,0
0,2,0.139929,1,9,5,0.727083,0.643333,0.604808,3,0
1,1,0.215792,1,1,1,0.400833,0.269167,0.262625,1,0
0,1,0.0833333,1,8,3,0.597917,0.656667,0.611121,3,0
0,1,0.303496,0,4,0,0.479583,0.456667,0.445696,2,0
0,1,0.223267,1,1,1,0.482917,0.150833,0.150888,1,0
1,1,0.187192,1,3,2,0.29,0.323333,0.315654,2,0
1,1,0.376871,0,11,6,0.404583,0.278333,0.248742,4,0
1,1,0.04665,1,11,1,0.535417,0.313333,0.339004,4,0
0,1,0.36195,0,1,0,0.434167,0.138333,0.116175,1,0
1,1,0.266175,1,11,5,0.522083,0.355,0.356042,4,0
1,1,0.136212,1,8,1,0.545417,0.720833,0.662254,3,0
0,2,0.160446,0,1,6,0.805833,0.344167,0.363625,1,0
1,1,0.198992,0,5,6,0.7325,0.6925,0.642696,2,0
0,2,0.260575,1,12,5,0.500417,0.375,0.359825,4,0
1,3,0.289796,0,2,6,0.73125,0.224167,0.210867,1,0
1,1,0.258713,1,9,1,0.50375,0.583333,0.565654,3,0
0,1,0.0223917,1,10,5,0.684167,0.510833,0.504404,4,0
1,3,0.2133,0,7,6,0.865417,0.595833,0.549912,3,0
0,1,0.176617,0,10,0,0.62375,0.319167,0.321329,4,0
1,2,0.199638,0,1,0,0.79625,0.1625,0.16225,1,0
0,2,0.192175,0,4,0,0.810833,0.581667,0.551763,2,0
0,2,0.128125,1,9,4,0.902083,0.628333,0.554963,3,0
0,1,0.231017,1,3,5,0.525217,0.54,0.527009,1,0
0,1,0.134337,1,12,5,0.636667,0.311667,0.318812,1,0
0,1,0.164813,0,7,0,0.480833,0.805833,0.729796,3,0
1,2,0.167912,1,4,3,0.569167,0.463333,0.457038,2,0
1,1,0.190913,1,2,4,0.554583,0.454167,0.444446,1,0
0,1,0.141796,1,9,4,0.639167,0.655,0.614921,3,0
0,1,0.156717,1,8,1,0.550833,0.771667,0.703292,3,0
1,2,0.1306,1,12,5,0.764167,0.320833,0.321958,4,0
0,1,0.22575,1,3,2,0.624583,0.441667,0.440642,2,0
0,2,0.222013,0,10,0,0.791667,0.356667,0.345317,4,0
0,1,0.182213,0,4,0,0.48,0.378333,0.378767,2,0
0,1,0.140554,1,6,5,0.605,0.755,0.703292,2,0
1,1,0.415429,1,1,3,0.443333,0.303333,0.275254,1,0
1,2,0.157975,0,12,0,0.905417,0.384167,0.390146,4,0
1,2,0.190308,1,12,1,0.925,0.435833,0.435575,4,0
1,2,0.131221,1,1,3,0.8475,0.274167,0.282821,1,0
0,1,0.118792,1,10,1,0.772083,0.463333,0.457067,4,0
0,1,0.141804,1,9,2,0.7125,0.650833,0.603554,3,0
1,1,0.166667,0,7,0,0.717917,0.745833,0.705196,3,0
0,1,0.225754,1,3,4,0.318333,0.198333,0.200133,1,0
1,1,0.184092,1,12,3,0.625417,0.3325,0.342162,4,0
1,1,0.228858,1,3,1,0.50625,0.243333,0.241171,1,0
1,1,0.138058,1,5,3,0.797083,0.564167,0.537896,2,0
1,1,0.189067,1,2,3,0.507917,0.469167,0.466538,1,0
1,1,0.129987,1,1,4,0.524167,0.265833,0.278412,1,0
0,2,0.243167,0,12,6,0.560833,0.258333,0.249371,4,0
0,2,0.342667,1,5,2,0.697083,0.616667,0.582079,2,0
1,2,0.304108,1,11,3,0.5475,0.295833,0.274621,4,0
0,2,0.324474,1,4,1,0.716956,0.595652,0.565217,2,0
0,2,0.188839,1,2,3,0.494783,0.134783,0.144283,1,0
0,2,0.197146,0,4,6,0.65375,0.315,0.315637,2,0
1,1,0.103246,1,11,3,0.61375,0.353333,0.364892,4,0
1,1,0.163554,0,7,6,0.492083,0.861667,0.804913,3,0
1,1,0.129354,1,8,4,0.659583,0.7525,0.707088,3,0
1,1,0.134958,0,9,0,0.583333,0.526667,0.517663,4,0
1,1,0.121271,1,3,2,0.807917,0.560833,0.538533,1,0
0,2,0.223883,1,10,5,0.71625,0.550833,0.529675,4,0
0,1,0.134954,1,10,4,0.620833,0.494167,0.480425,4,0
0,1,0.209579,1,3,4,0.602917,0.415,0.410333,1,0
1,1,0.196521,0,5,1,0.67625,0.7125,0.6793,2,1
1,1,0.177867,0,8,6,0.603333,0.678333,0.618071,3,0
0,1,0.0995125,0,10,0,0.74125,0.421667,0.422333,4,0
1,1,0.187183,0,1,6,0.4575,0.18,0.183087,1,0
0,2,0.258092,1,11,2,0.830833,0.458333,0.451375,4,0
0,2,0.258708,1,4,5,0.68625,0.3,0.283454,2,0
1,1,0.2954,1,5,2,0.684583,0.7225,0.672992,2,0
0,1,0.10635,1,10,1,0.703333,0.34,0.356063,4,0
0,2,0.0783833,0,9,6,0.8625,0.606667,0.564412,4,0
1,1,0.2444,1,9,3,0.630833,0.635,0.596613,4,0
0,2,0.1107,1,9,1,0.848333,0.649167,0.589042,4,0
0,2,0.0814792,0,7,1,0.637917,0.726667,0.665417,3,1
0,2,0.134954,1,9,2,0.88125,0.561667,0.532217,3,0
1,2,0.0982583,1,12,1,0.907083,0.393333,0.4015,4,0
0,2,0.189675,0,9,6,0.718333,0.491667,0.478512,3,0
0,1,0.176,1,5,1,0.58875,0.5325,0.525246,2,0
0,1,0.277752,1,2,4,0.437826,0.186957,0.177878,1,0
0,3,0.192748,1,9,4,0.939565,0.633913,0.555361,3,0
0,1,0.183463,1,7,3,0.402917,0.775,0.690667,3,0
1,2,0.220775,0,3,0,0.880833,0.4375,0.437488,2,0
1,1,0.165417,1,6,5,0.48875,0.834167,0.786613,3,0
1,2,0.141179,1,2,2,0.50875,0.319167,0.333946,1,0
0,1,0.269283,1,6,2,0.507083,0.604167,0.591546,2,0
0,2,0.1843,0,3,0,0.493913,0.253043,0.250339,2,0
1,2,0.350133,1,12,4,0.652917,0.254167,0.226642,1,0
1,2,0.296037,1,10,1,0.7075,0.561667,0.53915,4,0
1,1,0.153617,1,7,1,0.66875,0.730833,0.684987,3,0
0,2,0.210833,1,8,4,0.771667,0.684167,0.645854,3,0
0,2,0.225129,1,7,5,0.757917,0.709167,0.670483,3,0
1,1,0.249383,1,4,2,0.454167,0.413333,0.405283,2,0
1,1,0.211454,1,7,2,0.655,0.750833,0.70645,3,0
0,2,0.320908,1,4,4,0.700833,0.6175,0.578929,2,0
0,3,0.340808,0,4,6,0.888333,0.430833,0.425492,2,0
0,1,0.183471,0,7,0,0.578333,0.7475,0.690025,3,0
0,1,0.251791,1,2,3,0.423478,0.318261,0.3162,1,0
1,2,0.116929,1,2,5,0.54,0.280833,0.293558,1,0
1,1,0.187821,1,10,3,0.630833,0.514167,0.503142,4,0
0,3,0.232583,1,12,2,0.949583,0.4625,0.4564,4,0
0,2,0.233842,1,5,1,0.81,0.631667,0.590296,2,0
0,1,0.159825,1,8,1,0.554583,0.636667,0.607958,3,0
1,1,0.133721,0,6,0,0.538333,0.726667,0.663517,2,0
0,2,0.266804,0,1,6,0.535833,0.165,0.162254,1,0
0,1,0.307833,1,3,3,0.449583,0.335,0.320071,1,0
1,1,0.210821,1,11,3,0.50625,0.296667,0.289762,4,0
0,2,0.2214,1,12,3,0.858333,0.428333,0.428017,1,0
0,1,0.102608,1,7,5,0.39625,0.7225,0.652162,3,0
1,2,0.179117,1,2,3,0.804783,0.344348,0.34847,1,0
1,1,0.176617,1,6,5,0.589583,0.639167,0.599754,2,0
1,2,0.1903,1,10,2,0.761667,0.446667,0.438112,4,0
0,1,0.0988958,1,11,5,0.64375,0.375,0.380671,4,0
1,2,0.143679,0,7,6,0.699167,0.703333,0.666042,3,0
0,1,0.146763,1,8,2,0.455417,0.640833,0.606067,3,0
1,2,0.124375,1,10,4,0.800417,0.55,0.529688,4,0
0,1,0.115671,1,5,2,0.489167,0.5325,0.522721,2,0
1,1,0.174754,1,12,4,0.50875,0.255833,0.258204,4,0
1,1,0.172896,1,5,4,0.716667,0.655,0.6067,2,0
1,2,0.117546,1,10,4,0.722917,0.6575,0.607975,4,0
0,1,0.236329,1,8,2,0.578333,0.700833,0.645837,3,0
1,1,0.23695,1,3,2,0.6175,0.565,0.542929,1,0
0,2,0.18595,0,11,0,0.684583,0.463333,0.457058,4,0
1,1,0.347642,1,6,2,0.373333,0.630833,0.594704,3,0
0,1,0.200258,1,8,3,0.424167,0.766667,0.684983,3,0
1,2,0.180975,1,7,1,0.683333,0.710833,0.654054,3,0
0,1,0.164796,1,8,4,0.42375,0.7175,0.651521,3,0
1,1,0.24005,0,1,0,0.31125,0.2825,0.272721,1,0
0,2,0.107588,1,6,1,0.658333,0.6825,0.637004,3,0
0,1,0.208954,0,11,0,0.698333,0.459167,0.4558,4,0
0,1,0.146133,1,7,3,0.631667,0.746667,0.689404,3,0
1,2,0.0665458,1,10,3,0.79375,0.6575,0.599133,4,0
1,2,0.113192,1,3,5,0.842083,0.435833,0.436229,1,0
1,1,0.146142,0,10,6,0.494583,0.393333,0.391396,4,0
0,2,0.151742,1,9,1,0.69,0.549167,0.529675,3,0
1,1,0.161071,1,1,3,0.64375,0.294167,0.294821,1,0
1,2,0.151742,1,9,1,0.734583,0.580833,0.55305,3,0
0,2,0.343287,0,3,0,0.948261,0.376522,0.366252,1,0
0,3,0.24815,1,10,3,0.90625,0.543333,0.517717,4,0
0,1,0.168533,1,11,5,0.41,0.274167,0.272721,4,0
0,1,0.185333,1,4,1,0.776667,0.606667,0.5745,2,0
0,3,0.118792,1,11,2,0.9625,0.416667,0.421696,4,0
1,1,0.117562,1,3,4,0.83125,0.554167,0.531567,2,0
0,1,0.208954,1,8,1,0.712083,0.665833,0.616167,3,0
1,1,0.148017,1,6,2,0.69,0.688333,0.654692,2,0
1,1,0.227612,0,11,0,0.692917,0.3425,0.337746,4,0
1,2,0.124379,0,12,0,0.823333,0.3475,0.359208,4,0
1,1,0.268025,0,10,6,0.664167,0.554167,0.538521,4,0
1,1,0.314063,1,5,4,0.552083,0.505833,0.491783,2,0
1,2,0.162937,1,12,3,0.538333,0.2975,0.297338,4,0
0,2,0.23297,1,3,5,0.649565,0.316522,0.305,1,0
1,1,0.125629,0,7,0,0.57375,0.8225,0.790396,3,0
1,2,0.296037,1,12,2,0.596667,0.353333,0.338363,4,0
0,1,0.1869,1,1,3,0.436957,0.226957,0.22927,1,0
1,1,0.409212,0,2,0,0.464583,0.1275,0.101658,1,0
1,2,0.244408,0,8,6,0.712917,0.661667,0.618696,3,0
0,1,0.182833,1,7,5,0.59125,0.663333,0.624371,3,0
1,1,0.210829,0,1,6,0.543333,0.315833,0.326379,1,0
1,1,0.254367,0,5,0,0.530417,0.620833,0.583967,2,0
0,1,0.178479,1,7,4,0.583333,0.779167,0.7399,3,0
0,1,0.16045,0,5,6,0.54125,0.52,0.512621,2,0
0,1,0.325258,1,4,4,0.407083,0.459167,0.453892,2,0
0,1,0.205854,1,10,2,0.71,0.484167,0.472858,4,0
0,1,0.293961,1,12,3,0.503913,0.29913,0.279974,1,0
0,2,0.375617,0,8,6,0.85,0.68,0.635556,3,0
1,2,0.141162,0,10,0,0.708333,0.415833,0.419813,4,0
0,2,0.133083,0,4,6,0.8775,0.3425,0.341529,2,0
1,1,0.115062,1,3,3,0.507083,0.5725,0.548617,1,0
1,1,0.131846,1,9,3,0.577083,0.599167,0.570075,3,0
0,1,0.222025,1,6,5,0.573333,0.724167,0.656583,3,0
0,1,0.199642,1,5,4,0.6775,0.708333,0.654688,2,0
0,1,0.240667,1,7,4,0.47625,0.680833,0.635104,3,0
1,1,0.235092,1,10,5,0.539167,0.4375,0.433071,4,0
0,1,0.304627,1,1,3,0.599545,0.172727,0.160473,1,0
0,1,0.36195,1,2,2,0.537917,0.220833,0.198246,1,0
1,2,0.4148,1,3,5,0.407083,0.410833,0.397083,1,0
0,1,0.221935,1,2,4,0.437391,0.144348,0.149548,1,0
1,2,0.101379,0,12,6,0.91125,0.381667,0.389508,4,0
1,1,0.152992,1,7,5,0.594583,0.781667,0.734217,3,0
0,1,0.126258,1,7,2,0.590417,0.746667,0.696338,3,0
1,1,0.103863,1,9,5,0.6725,0.633333,0.594083,3,0
0,1,0.239465,0,12,1,0.506957,0.321739,0.315535,1,1
0,2,0.305362,1,11,4,0.575833,0.341667,0.323221,4,0
0,1,0.185325,0,9,6,0.716667,0.669167,0.633213,3,0
0,1,0.253121,1,6,5,0.354167,0.62,0.587133,2,0
0,2,0.1233,1,1,5,0.793043,0.203478,0.223317,1,0
1,3,0.3582,1,10,1,0.88,0.44,0.4394,4,0
0,1,0.507463,0,2,6,0.187917,0.399167,0.391404,1,0
1,1,0.0814833,1,10,1,0.568333,0.4875,0.482942,4,0
0,2,0.053213,1,2,2,0.829565,0.192174,0.23453,1,0
0,1,0.136926,1,3,1,0.496957,0.325217,0.332,1,0
1,2,0.230721,1,5,1,0.664167,0.5375,0.527142,2,0
0,2,0.143042,1,10,2,0.80875,0.566667,0.546096,4,0
1,1,0.17165,1,6,4,0.4225,0.749167,0.675512,3,0
1,2,0.174746,1,6,1,0.777917,0.568333,0.544842,2,0
1,1,0.187808,1,9,3,0.74125,0.736667,0.708983,3,0
0,2,0.127839,1,2,5,0.585217,0.211304,0.228587,1,0
1,2,0.08085,1,7,5,0.485833,0.731667,0.667933,3,0
0,1,0.0908083,1,7,1,0.757083,0.743333,0.720958,3,0
1,1,0.0827208,1,12,1,0.7675,0.4525,0.455796,4,0
1,2,0.235692,0,10,6,0.72,0.53,0.515133,4,0
0,1,0.216425,1,3,2,0.535,0.266667,0.263879,1,0
1,1,0.144904,0,6,0,0.59875,0.5925,0.571975,2,0
0,2,0.168726,1,1,5,0.498696,0.196522,0.208839,1,0
0,2,0.230725,0,4,6,0.887917,0.46,0.450121,2,0
0,1,0.263063,1,4,3,0.470833,0.390833,0.387608,2,0
1,1,0.1648,1,7,3,0.45,0.724167,0.654054,3,0
1,1,0.273629,1,4,2,0.390417,0.608333,0.598487,2,0
1,1,0.283587,0,4,6,0.682917,0.57,0.542921,2,0
1,1,0.161071,0,6,6,0.60125,0.765,0.687508,3,0
0,2,0.0622083,1,12,1,0.827083,0.385833,0.393925,4,0
0,2,0.148642,1,10,3,0.720417,0.484167,0.472846,4,0
1,2,0.176625,1,4,4,0.756667,0.498333,0.483583,2,0
1,1,0.300388,1,4,5,0.377083,0.403333,0.390767,2,0
0,2,0.250617,1,4,3,0.819167,0.4125,0.417283,2,0
0,2,0.388067,1,4,2,0.642083,0.414167,0.39835,2,0
0,1,0.143029,1,6,5,0.735833,0.649167,0.600383,2,0
1,1,0.334571,0,3,0,0.403333,0.325833,0.303021,1,0
1,1,0.131229,1,12,5,0.642917,0.281667,0.294192,4,0
0,1,0.06345,0,10,0,0.7275,0.540833,0.523983,4,0
0,2,0.183454,1,5,1,0.73,0.549167,0.532833,2,0
0,1,0.167912,0,7,6,0.609167,0.733333,0.664158,3,0
0,3,0.343943,1,9,2,0.886957,0.54,0.5152,3,0
0,1,0.221396,1,10,5,0.574167,0.4275,0.423596,4,0
0,1,0.190304,0,12,6,0.5425,0.3025,0.299242,1,0
1,1,0.345779,1,3,3,0.513333,0.404167,0.3851,1,0
0,1,0.163567,0,6,0,0.747917,0.6925,0.643325,2,0
1,1,0.236321,1,9,2,0.755,0.725833,0.686888,3,0
0,1,0.125013,1,5,5,0.719583,0.536667,0.529042,2,0
0,1,0.175379,1,10,1,0.579583,0.534167,0.510725,4,0
1,1,0.1275,0,11,0,0.659167,0.420833,0.421713,4,0
0,1,0.301,1,1,4,0.470417,0.165,0.150883,1,0
0,2,0.274879,1,4,2,0.739167,0.5025,0.493054,2,0
0,2,0.211454,0,8,6,0.729583,0.685833,0.645858,3,0
1,2,0.216412,1,5,3,0.744167,0.575,0.553025,2,0
0,1,0.213938,0,5,0,0.81875,0.6675,0.61555,2,0
0,2,0.212696,0,9,1,0.790417,0.673333,0.625646,3,1
1,2,0.192783,0,3,6,0.885417,0.5025,0.486733,2,0
1,1,0.133083,0,12,0,0.515417,0.245833,0.259471,1,0
1,1,0.195279,1,5,4,0.492917,0.68,0.631329,2,0
1,1,0.284813,1,7,4,0.596667,0.776667,0.739263,3,0
1,1,0.116908,0,4,0,0.587083,0.458333,0.450121,2,0
1,1,0.173517,0,11,1,0.741667,0.485,0.475383,4,1
0,3,0.0970208,1,9,3,0.917083,0.599167,0.544229,3,0
0,2,0.157971,1,4,2,0.665833,0.505833,0.489258,2,0
1,1,0.343279,1,6,3,0.582083,0.655833,0.611117,2,0
0,1,0.0621958,1,11,3,0.758333,0.4,0.409079,4,0
0,2,0.248539,0,1,0,0.696087,0.363478,0.353739,1,0
0,1,0.0746375,0,5,0,0.631667,0.528333,0.518933,2,0
1,1,0.0727708,1,8,2,0.67375,0.649167,0.601025,3,0
1,1,0.329665,0,1,1,0.381304,0.273043,0.252304,1,1
1,2,0.129354,1,8,1,0.654167,0.7525,0.710246,3,0
0,1,0.06345,1,12,1,0.670833,0.238333,0.270196,4,0
0,1,0.203367,0,2,6,0.544167,0.2225,0.232954,1,0
0,1,0.220158,1,12,4,0.524583,0.3125,0.305554,4,0
0,2,0.203117,1,3,3,0.776522,0.365217,0.36693,1,0
1,1,0.149871,1,4,5,0.694583,0.526667,0.515775,2,0
1,2,0.129979,1,8,1,0.734167,0.635833,0.595967,3,0
0,2,0.19715,1,8,4,0.7575,0.71,0.664788,3,0
0,1,0.126548,1,1,5,0.537826,0.16087,0.188413,1,0
0,2,0.155475,1,6,1,0.74625,0.635,0.595346,2,0
0,2,0.289686,1,2,1,0.876364,0.407273,0.400118,1,0
0,1,0.223235,0,2,0,0.407826,0.285217,0.27733,1,0
1,1,0.077125,1,6,3,0.61125,0.554167,0.542292,2,0
0,2,0.161079,0,2,6,0.929167,0.233333,0.243058,1,0
1,2,0.0772304,1,12,1,0.791304,0.231304,0.2589,1,0
1,2,0.236937,1,10,4,0.728333,0.5225,0.512625,4,0
0,1,0.341352,1,3,1,0.551304,0.261739,0.238461,1,0
1,1,0.190929,0,2,6,0.534583,0.346667,0.355425,1,0
1,1,0.271775,1,6,3,0.36,0.6975,0.640792,3,0
0,1,0.167304,0,11,4,0.549167,0.373333,0.372471,4,1
0,1,0.172883,1,9,4,0.699167,0.616667,0.574512,4,0
0,2,0.228858,0,7,0,0.6825,0.716667,0.668575,3,0
0,1,0.136817,1,6,3,0.622083,0.775833,0.727279,2,0
1,1,0.0945458,1,10,2,0.641667,0.544167,0.530304,4,0
0,2,0.146767,0,4,0,0.8575,0.426667,0.426737,2,0
0,1,0.206475,1,9,5,0.6475,0.564167,0.544829,4,0
1,2,0.133696,1,5,4,0.768333,0.56,0.537242,2,0
1,1,0.142404,1,9,1,0.492917,0.514167,0.502513,4,0
1,2,0.168726,0,12,2,0.734783,0.291304,0.294465,1,1
0,1,0.1306,1,7,2,0.650417,0.776667,0.747479,3,0
1,2,0.154846,1,12,1,0.5775,0.215833,0.223487,1,0
1,1,0.1816,1,2,3,0.53125,0.348333,0.351629,1,0
1,1,0.13495,0,7,3,0.53875,0.789167,0.732337,3,1
0,2,0.335825,1,11,3,0.757917,0.440833,0.430537,4,0
1,1,0.257458,0,8,6,0.613333,0.793333,0.751267,3,0
1,1,0.229475,1,5,4,0.52,0.593333,0.572613,2,0
1,1,0.149883,1,3,4,0.579583,0.5575,0.532825,1,0
0,1,0.30535,1,6,1,0.494583,0.635,0.601654,2,0
1,1,0.0578458,0,11,6,0.645417,0.389167,0.393937,4,0
1,3,0.104475,1,10,2,0.871667,0.590833,0.542333,4,0
1,2,0.082725,1,11,2,0.685,0.374167,0.380667,4,0
1,1,0.137442,1,7,3,0.577083,0.793333,0.745583,3,0
1,2,0.08645,0,8,0,0.711667,0.635833,0.603554,3,0
0,1,0.291374,1,2,2,0.314348,0.266087,0.254274,1,0
1,2,0.102,1,5,3,0.774583,0.621667,0.584612,2,0
0,2,0.138692,0,6,0,0.6525,0.648333,0.616804,2,0
0,2,0.194017,0,1,1,0.5375,0.175833,0.176771,1,1
1,2,0.20275,1,1,5,0.45,0.2175,0.220958,1,0
0,1,0.220154,0,12,6,0.615833,0.41,0.414121,1,0
1,2,0.214546,1,6,2,0.833333,0.653333,0.597875,2,0
0,1,0.0423042,0,10,1,0.73375,0.570833,0.542925,4,1
0,1,0.220775,0,3,6,0.594583,0.329167,0.32575,1,0
1,1,0.215175,1,9,3,0.536667,0.5525,0.540404,3,0
1,1,0.0702833,1,8,3,0.677083,0.6675,0.621854,3,0
0,2,0.195904,1,1,4,0.538333,0.261667,0.25505,1,0
0,1,0.207721,0,3,0,0.47375,0.3325,0.32575,1,0
0,2,0.0833458,1,10,1,0.760833,0.384167,0.392046,4,0
0,3,0.217646,1,3,4,0.918333,0.268333,0.257575,2,0
0,1,0.185312,1,6,4,0.434167,0.696667,0.637008,3,0
0,1,0.233208,1,8,4,0.654583,0.711667,0.662258,3,0
0,1,0.281717,0,10,0,0.486667,0.511667,0.503154,4,0
1,1,0.179721,0,6,6,0.534583,0.731667,0.652792,3,0
0,1,0.115062,0,7,6,0.444583,0.738333,0.667308,3,0
0,1,0.192175,1,8,1,0.592083,0.765,0.703283,3,0
1,1,0.378108,1,1,5,0.5075,0.274167,0.249362,1,0
0,1,0.271158,1,11,3,0.613333,0.325,0.311221,4,0
0,1,0.0684208,0,11,6,0.681667,0.375833,0.385087,4,0
1,2,0.209575,1,6,2,0.613333,0.540833,0.525892,2,0
0,1,0.0454042,0,10,6,0.70125,0.521667,0.513242,4,0
0,1,0.385571,1,4,1,0.42625,0.573333,0.542929,2,0
1,1,0.179108,0,11,0,0.532917,0.325833,0.329538,4,0
1,1,0.146142,1,7,5,0.450833,0.828333,0.752533,3,0
0,2,0.108213,1,5,4,0.829583,0.530833,0.510742,2,0
0,3,0.351371,0,10,6,0.8825,0.254167,0.227913,4,0
0,1,0.145365,0,1,6,0.651739,0.196522,0.212126,1,0
1,1,0.312139,1,4,1,0.504348,0.433913,0.427513,2,0
1,2,0.0733958,1,1,4,0.769583,0.341667,0.35605,1,0
0,2,0.222633,0,8,0,0.8175,0.676667,0.624388,3,0
1,1,0.229083,0,2,1,0.507826,0.28,0.273391,1,1
1,1,0.386821,1,3,1,0.477917,0.445833,0.43875,2,0
1,1,0.249375,1,4,2,0.435,0.446667,0.436233,2,0
1,1,0.167908,1,1,5,0.542083,0.334167,0.340267,1,0
1,1,0.128733,1,8,1,0.730417,0.703333,0.654688,3,0
1,2,0.144904,1,3,5,0.657083,0.353333,0.359842,1,0
1,1,0.236321,1,9,2,0.57,0.55,0.544179,4,0
1,2,0.152992,0,5,6,0.756667,0.621667,0.584608,2,0
0,2,0.0783667,1,9,5,0.9725,0.609167,0.522125,4,0
0,1,0.253108,1,8,3,0.605,0.673333,0.630692,3,0
0,1,0.226996,1,3,2,0.314167,0.3025,0.292908,2,0
1,2,0.152987,1,11,4,0.620417,0.321667,0.324492,4,0
0,2,0.229479,1,10,5,0.585833,0.330833,0.318812,4,0
1,2,0.34913,1,1,2,0.716087,0.373043,0.364278,1,0
0,2,0.106354,0,5,0,0.762083,0.451667,0.448204,2,0
1,2,0.132463,1,12,4,0.667917,0.33,0.335217,4,0
1,1,0.151121,0,9,1,0.790833,0.7075,0.661629,3,1
1,1,0.290421,0,8,0,0.6525,0.769167,0.731079,3,0
1,2,0.215792,1,8,5,0.6425,0.765833,0.722867,3,0
0,1,0.169171,0,7,0,0.550833,0.83,0.794829,3,0
0,1,0.274246,1,12,5,0.68625,0.373333,0.377513,1,0
0,1,0.163567,1,4,1,0.5425,0.5125,0.503146,2,0
1,2,0.138067,1,3,5,0.580833,0.37,0.375621,2,0
1,1,0.268033,1,2,1,0.490833,0.366667,0.357954,1,0
1,1,0.224496,0,9,0,0.5475,0.61,0.578925,3,0
1,1,0.324021,1,12,3,0.485,0.438333,0.428012,4,0
0,1,0.125248,0,2,0,0.68,0.343478,0.351109,1,0
1,1,0.251258,0,1,0,0.419167,0.166667,0.161625,1,0
1,1,0.200875,1,3,2,0.456667,0.258333,0.255042,1,0
1,1,0.231358,0,1,1,0.5225,0.19,0.190663,1,1
1,1,0.347633,1,4,5,0.400833,0.4575,0.452637,2,0
0,1,0.155091,0,12,0,0.681304,0.274783,0.279961,1,0
1,1,0.219529,1,4,4,0.374167,0.435,0.431163,2,0
0,2,0.179725,1,5,5,0.863333,0.5125,0.4943,2,0
0,1,0.120642,1,5,3,0.632917,0.5425,0.5284,2,0
0,1,0.0739826,0,1,0,0.722174,0.216522,0.250322,1,0
0,2,0.307846,0,2,1,0.605,0.303333,0.284075,1,1
1,2,0.132467,1,10,5,0.807083,0.545833,0.52275,4,0
0,2,0.118171,1,9,2,0.885417,0.636667,0.574525,4,0
1,1,0.205717,1,2,2,0.594348,0.287826,0.295113,1,0
1,1,0.162938,1,5,5,0.735417,0.6275,0.590917,2,0
1,1,0.169158,1,8,2,0.686667,0.726667,0.676779,3,0
0,2,0.124379,1,9,5,0.897917,0.65,0.578946,3,0
1,1,0.236937,1,5,5,0.360417,0.533333,0.520833,2,0
1,2,0.157346,1,11,4,0.581667,0.365833,0.369942,4,0
0,1,0.0895652,1,1,4,0.518261,0.204348,0.233209,1,0
1,2,0.164179,1,9,5,0.69,0.619167,0.585863,4,0
0,1,0.226375,0,4,5,0.67125,0.446667,0.441913,2,1
0,1,0.228246,1,5,5,0.59,0.479167,0.474117,2,0
0,1,0.125008,1,8,2,0.548333,0.639167,0.594704,3,0
0,2,0.238804,1,6,4,0.703333,0.728333,0.693833,3,0
1,2,0.213009,1,10,2,0.825455,0.318182,0.309909,4,0
0,1,0.258083,0,10,6,0.483333,0.506667,0.498725,4,0
0,1,0.0690375,1,11,2,0.721667,0.408333,0.412246,4,0
1,1,0.166054,0,10,0,0.51,0.464167,0.456429,4,0
1,1,0.113812,1,6,3,0.592083,0.7825,0.720975,2,0
0,2,0.172888,1,3,3,0.646667,0.3,0.29735,2,0
1,1,0.220158,1,1,4,0.4975,0.19,0.190038,1,0
1,1,0.122512,0,8,0,0.530417,0.700833,0.644579,3,0
0,2,0.346539,1,2,5,0.712174,0.364348,0.350461,1,0
1,1,0.0845958,1,8,4,0.635833,0.695833,0.637008,3,0
0,1,0.240063,1,4,5,0.457083,0.51,0.497463,2,0
1,2,0.129975,0,4,6,0.489583,0.376667,0.377504,2,0
0,2,0.201492,1,5,3,0.87,0.55,0.527158,2,0
0,2,0.139308,1,8,5,0.722917,0.685,0.633221,3,0
1,1,0.194037,1,2,4,0.562083,0.265,0.261988,1,0
0,1,0.17197,0,1,6,0.4,0.0591304,0.0790696,1,0
0,2,0.292296,0,10,6,0.75375,0.41,0.412863,4,0
1,1,0.365671,1,1,2,0.44125,0.15,0.126275,1,0
1,2,0.374383,1,12,5,0.556667,0.326667,0.301767,1,0
1,1,0.147379,1,2,2,0.49625,0.354167,0.361104,1,0
1,1,0.171646,1,9,5,0.73625,0.703333,0.657204,3,0
1,1,0.168529,0,7,0,0.51875,0.815833,0.750629,3,0
1,1,0.184087,0,6,0,0.493333,0.6025,0.575133,2,0
0,1,0.0839583,0,12,0,0.775833,0.330833,0.3491,4,0
0,1,0.168537,0,7,6,0.465833,0.804167,0.728537,3,0
1,1,0.441563,1,3,4,0.5675,0.5275,0.524604,1,0
1,1,0.0727792,1,10,3,0.63625,0.5875,0.558721,4,0
1,1,0.123133,0,5,6,0.480417,0.564167,0.544817,2,0
0,1,0.353242,1,1,5,0.457083,0.1775,0.157833,1,0
1,2,0.250617,0,3,6,0.738333,0.424167,0.421708,2,0
0,2,0.277354,1,5,2,0.837917,0.561667,0.538529,2,0
0,1,0.113817,1,7,3,0.707083,0.768333,0.74685,3,0
0,1,0.0827167,1,12,5,0.695833,0.290833,0.317542,4,0
1,2,0.134954,1,10,5,0.815,0.563333,0.537896,4,0
1,2,0.121896,0,2,6,0.779583,0.264167,0.272725,1,0
1,1,0.141179,1,8,3,0.6775,0.7175,0.667308,3,0
1,1,0.15735,0,7,6,0.613333,0.755833,0.697604,3,0
1,2,0.166667,1,10,3,0.666667,0.3575,0.3611,4,0
0,1,0.281721,0,11,0,0.458333,0.440833,0.43055,4,0
0,1,0.1592,1,7,4,0.65125,0.75,0.686871,3,0
0,1,0.260883,0,2,0,0.457391,0.316522,0.324113,1,0
1,1,0.223258,0,9,0,0.467083,0.529167,0.518933,4,0
0,1,0.119412,1,12,4,0.574167,0.248333,0.263892,1,0
1,2,0.110704,0,3,6,0.755833,0.514167,0.505046,1,0
0,3,0.261877,1,3,4,0.0,0.389091,0.385668,1,0
0,1,0.162312,1,4,4,0.602917,0.4375,0.433696,2,0
1,1,0.300383,1,6,1,0.504167,0.715833,0.654042,3,0
1,1,0.215171,0,5,0,0.697083,0.69,0.641425,2,0
1,1,0.170396,0,7,0,0.62375,0.721667,0.667933,3,0
0,1,0.088913,1,9,1,0.692174,0.644348,0.60213,3,0
1,2,0.0640708,0,9,0,0.815,0.696667,0.649,3,0
0,1,0.0665417,0,12,0,0.49,0.220833,0.253154,4,0
1,1,0.168533,1,8,5,0.5875,0.764167,0.6894,3,0
0,1,0.149883,1,7,3,0.743333,0.72,0.685633,3,0
0,1,0.230104,1,2,4,0.505,0.435833,0.428658,1,0
0,1,0.215804,1,7,1,0.65125,0.746667,0.703925,3,0
0,2,0.234261,1,3,3,0.839565,0.346957,0.337939,2,0
1,1,0.083975,0,5,6,0.45625,0.6,0.566908,2,0
1,1,0.278612,0,10,0,0.640417,0.521667,0.508204,4,0
0,1,0.12065,0,5,6,0.626667,0.6025,0.571975,2,0
0,1,0.111329,1,5,2,0.636667,0.775,0.725383,2,0
0,2,0.206471,1,6,4,0.688333,0.628333,0.595346,2,0
1,1,0.148021,1,11,5,0.56875,0.368333,0.378779,4,0
1,2,0.134329,1,5,3,0.67,0.656667,0.611129,2,0
0,1,0.17725,1,10,3,0.647917,0.538333,0.527138,4,0
1,2,0.134342,1,9,4,0.690833,0.65,0.607975,4,0
0,1,0.1673,1,9,3,0.697083,0.673333,0.6269,3,0
1,2,0.207713,1,6,1,0.587917,0.720833,0.659721,2,0
1,1,0.165429,1,7,4,0.600417,0.77,0.714642,3,0
0,1,0.094113,1,2,3,0.423043,0.221739,0.245717,1,0
1,2,0.149879,0,5,0,0.74,0.5625,0.546737,2,0
1,1,0.101371,1,10,3,0.692917,0.455833,0.450108,4,0
0,2,0.135583,1,8,3,0.6575,0.731667,0.679937,3,0
1,2,0.0597042,0,12,6,0.806667,0.298333,0.316904,4,0
0,1,0.209571,0,3,6,0.394167,0.265833,0.257571,2,0
0,2,0.203346,1,3,5,0.610417,0.261667,0.255679,1,0
1,1,0.291671,1,3,3,0.48125,0.484167,0.47095,2,0
1,1,0.14055,1,5,5,0.747083,0.68,0.627529,2,0
1,1,0.112562,1,8,3,0.552083,0.685,0.635733,3,0
1,3,0.316546,1,12,3,0.823333,0.243333,0.220333,1,0
1,1,0.193417,1,2,2,0.395833,0.359167,0.353525,1,0
0,1,0.188433,0,1,0,0.48375,0.231667,0.234217,1,0
0,1,0.270604,0,3,0,0.527391,0.384348,0.380091,1,0
0,2,0.271779,1,11,5,0.6225,0.403333,0.403392,4,0
1,1,0.222587,0,3,0,0.476957,0.361739,0.35967,1,0
0,1,0.245033,0,7,0,0.604167,0.719167,0.669833,3,0
1,1,0.1561,1,8,4,0.620417,0.755833,0.699508,3,0
1,1,0.154229,1,9,5,0.66875,0.599167,0.571971,3,0
1,2,0.0908042,1,10,1,0.649167,0.520833,0.512,4,0
0,1,0.186571,0,2,6,0.537917,0.2825,0.282192,1,0
1,1,0.174758,0,1,6,0.531667,0.393333,0.390779,1,0
0,1,0.0839625,1,8,5,0.76125,0.7,0.659733,3,0
0,2,0.110087,1,10,2,0.701667,0.5325,0.522721,4,0
1,2,0.172267,0,4,0,0.67625,0.425833,0.417287,2,0
0,2,0.222021,1,7,4,0.69125,0.815,0.826371,3,0
1,1,0.182221,1,10,2,0.558333,0.468333,0.460846,4,0
1,1,0.190925,1,8,2,0.62,0.728333,0.66605,3,0
1,1,0.192167,0,1,0,0.6925,0.37,0.375621,1,0
0,2,0.184309,1,3,2,0.655652,0.317391,0.318178,1,0
0,2,0.328996,1,5,3,0.737083,0.414167,0.40465,2,0
0,1,0.264925,1,2,5,0.516667,0.521667,0.511983,1,0
1,2,0.124383,0,12,6,0.752917,0.253333,0.2424,1,0
0,2,0.0609583,1,12,3,0.66375,0.3175,0.338362,4,0
0,1,0.3265,1,4,2,0.729167,0.631667,0.594083,2,0
1,1,0.284829,0,4,1,0.561667,0.664167,0.614925,2,1
1,1,0.0659292,1,4,4,0.6125,0.498333,0.493046,2,0
1,1,0.171025,1,11,5,0.524583,0.345,0.347204,4,0
0,1,0.142122,1,11,1,0.743043,0.503478,0.490122,4,0
0,1,0.135571,1,11,2,0.68375,0.400833,0.397088,4,0
1,2,0.118167,1,5,2,0.765833,0.615,0.580825,2,0
0,1,0.235075,0,4,6,0.503333,0.4725,0.464021,2,0
0,2,0.129796,1,1,2,0.616957,0.223478,0.234526,1,0
1,1,0.0528708,0,11,4,0.580417,0.34,0.350371,4,1
1,2,0.175996,0,2,0,0.687917,0.265833,0.264521,1,0
1,1,0.347835,1,11,4,0.333478,0.352174,0.341891,4,0
0,1,0.151121,1,8,2,0.570417,0.775,0.724121,3,0
1,1,0.226987,1,3,4,0.615417,0.485833,0.475371,1,0
1,1,0.232596,0,4,0,0.275833,0.5,0.492425,2,0
1,1,0.115522,1,11,4,0.555652,0.28087,0.298422,4,0
0,2,0.122132,1,1,2,0.686364,0.169091,0.191464,1,0
1,2,0.357587,1,9,2,0.8725,0.623333,0.565067,3,0
0,3,0.266175,1,12,3,0.970417,0.41,0.400246,4,0
1,1,0.407346,0,12,6,0.44125,0.265833,0.236113,1,0
0,2,0.22015,1,3,3,0.775417,0.295833,0.286608,1,0
0,2,0.268042,1,12,4,0.634167,0.4225,0.412237,4,0
1,2,0.237563,1,6,5,0.755417,0.654167,0.607962,2,0
1,2,0.171638,1,4,1,0.57,0.464167,0.457696,2,0
1,2,0.161079,0,3,6,0.62125,0.414167,0.413492,1,0
1,1,0.290429,1,4,4,0.46625,0.3975,0.387604,2,0
0,2,0.171025,1,6,2,0.770417,0.680833,0.637646,3,0
0,1,0.248309,1,1,1,0.437273,0.196364,0.189405,1,0
1,1,0.205229,0,2,0,0.41,0.279167,0.268308,1,0
0,2,0.271146,1,9,4,0.709167,0.5775,0.553671,3,0
1,2,0.342046,1,11,2,0.662917,0.343333,0.323225,4,0
0,2,0.226992,1,4,5,0.83625,0.335833,0.324479,2,0
0,1,0.172262,1,6,3,0.7075,0.733333,0.693829,3,0
1,1,0.155471,1,4,5,0.408333,0.4425,0.431808,2,0
0,2,0.199633,1,11,2,0.68875,0.53,0.507579,4,0
0,2,0.0964042,1,9,3,0.9,0.595,0.550533,3,0
0,2,0.207092,1,6,3,0.677083,0.764167,0.720967,2,0
1,1,0.117537,0,10,6,0.572917,0.484167,0.472842,4,0
1,2,0.1163,1,3,5,0.694167,0.601667,0.570067,2,0
0,1,0.306596,1,11,1,0.587083,0.53,0.524612,4,0
1,1,0.214558,1,11,5,0.540833,0.361667,0.355413,4,0
0,1,0.292287,1,6,4,0.305,0.715,0.643942,2,0
0,1,0.169779,0,12,0,0.58625,0.238333,0.245579,4,0
1,2,0.113187,0,9,6,0.638333,0.753333,0.702654,3,0
1,2,0.189679,0,10,1,0.709583,0.383333,0.387608,4,1
1,1,0.167283,1,2,1,0.41125,0.2225,0.227913,1,0
1,2,0.100742,0,12,0,0.83875,0.3625,0.369938,4,0
1,2,0.147392,1,5,2,0.794583,0.611667,0.576404,2,0
1,1,0.191542,0,1,0,0.465,0.3375,0.340258,1,0
1,1,0.199625,1,11,3,0.552083,0.289167,0.281563,4,0
0,1,0.0926667,0,10,6,0.629167,0.4225,0.425492,4,0
0,2,0.208317,1,1,3,0.741739,0.292174,0.298422,1,0
1,2,0.237567,1,2,5,0.7375,0.4075,0.410971,1,0
0,1,0.119408,0,6,6,0.670417,0.696667,0.643954,2,0
1,1,0.1538,1,2,1,0.622174,0.282609,0.296426,1,0
1,1,0.180975,1,4,3,0.469583,0.541667,0.53345,2,0
1,2,0.142421,1,9,4,0.810417,0.696667,0.655329,3,0
1,1,0.145525,0,6,0,0.479167,0.743333,0.674254,3,0
1,1,0.0920542,1,9,2,0.52,0.5775,0.554292,3,0
1,1,0.225129,0,4,0,0.507917,0.606667,0.573875,2,0
1,1,0.187552,1,1,2,0.646522,0.308696,0.318826,1,0
0,1,0.10855,1,2,5,0.506364,0.189091,0.213509,1,0
1,1,0.174129,1,12,2,0.73375,0.475833,0.469054,4,0
0,1,0.125621,1,8,5,0.415,0.708333,0.654042,3,0
1,1,0.234471,1,2,3,0.567917,0.395833,0.392667,1,0
0,1,0.295392,1,5,4,0.444167,0.459167,0.441917,2,0
1,1,0.194029,1,7,4,0.457917,0.8275,0.761367,3,0
1,1,0.126237,1,7,2,0.492083,0.780833,0.70265,3,0
1,1,0.162317,1,3,1,0.72875,0.545,0.532821,1,0
1,1,0.100133,1,4,2,0.396667,0.466667,0.461483,2,0
1,1,0.186562,0,6,6,0.549167,0.583333,0.566288,2,0
1,1,0.0901833,0,9,0,0.57,0.58,0.563125,3,0
0,1,0.212204,1,3,1,0.302174,0.264348,0.257574,2,0
1,1,0.221404,1,12,2,0.66625,0.410833,0.409708,4,0
1,2,0.155471,1,12,5,0.59,0.253333,0.255046,1,0
1,2,0.180967,1,1,4,0.802917,0.3825,0.381938,1,0
0,1,0.240058,1,12,4,0.58,0.265833,0.256938,4,0
0,2,0.251871,0,3,6,0.789167,0.384167,0.378779,1,0
0,1,0.2466,0,1,0,0.436522,0.0965217,0.0988391,1,0
1,2,0.212692,1,5,1,0.789583,0.573333,0.5499,2,0
1,1,0.138683,1,7,1,0.694167,0.741667,0.690017,3,0
1,2,0.151737,1,7,2,0.6675,0.720833,0.664796,3,0
1,1,0.0771167,1,8,4,0.590417,0.706667,0.652779,3,0
1,2,0.233204,1,5,1,0.81125,0.598333,0.565667,2,0
1,1,0.350754,0,12,0,0.483333,0.255833,0.2317,1,0
0,3,0.29385,1,1,3,0.8625,0.2175,0.2036,1,0
1,2,0.0939208,0,7,0,0.7625,0.6675,0.623125,3,0
0,3,0.243339,1,10,3,0.895217,0.541739,0.513848,4,0
0,2,0.18845,1,12,2,0.7625,0.325,0.327633,1,0
0,1,0.206467,0,9,0,0.742083,0.709167,0.665429,3,0
1,1,0.231354,1,8,5,0.570833,0.723333,0.2424,3,0
0,1,0.209571,0,6,6,0.483333,0.695,0.643313,3,0
1,2,0.296029,1,5,2,0.685833,0.581667,0.557471,2,0
0,1,0.14055,1,12,2,0.59,0.2825,0.301138,4,0
1,1,0.182842,1,6,5,0.57375,0.7775,0.724121,3,0
0,1,0.241925,1,4,3,0.614167,0.595,0.564392,2,0
0,2,0.250496,1,2,4,0.697391,0.295652,0.289191,1,0
0,2,0.243787,1,3,4,0.805833,0.285,0.270833,2,0
1,1,0.166667,0,6,6,0.504167,0.631667,0.594708,2,0
0,2,0.22825,0,8,6,0.755,0.716667,0.676154,3,0
0,1,0.126871,1,5,1,0.787917,0.5775,0.550512,2,0
0,2,0.0615708,1,12,2,0.595417,0.385833,0.396454,4,0
0,1,0.100754,1,12,5,0.625833,0.314167,0.331433,4,0
1,2,0.133721,1,2,3,0.722917,0.256667,0.266421,1,0
1,1,0.122512,1,5,3,0.697917,0.636667,0.595975,2,0
1,1,0.1505,0,11,0,0.468333,0.245833,0.257583,4,0
1,2,0.110708,1,1,1,0.91125,0.218333,0.243058,1,0
0,1,0.1331,1,7,5,0.580417,0.848333,0.840896,3,0
0,2,0.149883,1,6,4,0.568333,0.808333,0.757579,2,0
1,2,0.253112,0,2,0,0.515833,0.28,0.265788,1,0
0,1,0.121896,1,6,1,0.6,0.678333,0.621858,2,0
0,1,0.0820917,1,11,3,0.71875,0.3775,0.390133,4,0
1,1,0.123767,1,1,2,0.835833,0.3425,0.349108,1,0
1,2,0.303496,1,4,1,0.766667,0.321667,0.301125,2,0
0,1,0.113837,1,1,4,0.6875,0.195,0.2197,1,0
1,2,0.206479,0,8,6,0.732917,0.6925,0.638267,3,0
1,2,0.270529,0,11,6,0.49125,0.343333,0.323846,4,0
1,1,0.146775,1,7,4,0.529583,0.715833,0.654683,3,0
1,2,0.1107,1,8,3,0.672917,0.75,0.707717,3,0
1,1,0.179729,0,11,6,0.545417,0.325,0.326383,4,0
1,1,0.283583,0,9,6,0.646667,0.65,0.610488,3,0
1,1,0.144287,0,6,6,0.437083,0.710833,0.648367,2,0
0,2,0.141787,1,10,4,0.896667,0.589167,0.551804,4,0
0,2,0.3122,1,4,3,0.835417,0.62,0.575142,2,0
1,1,0.151733,1,7,3,0.633333,0.716667,0.650271,3,0
0,1,0.148008,0,5,0,0.749583,0.604167,0.5745,2,0
1,1,0.247521,0,9,6,0.501667,0.608333,0.585867,3,0
0,1,0.131225,0,5,1,0.685,0.733333,0.671092,2,1
0,1,0.143667,1,8,3,0.575417,0.723333,0.666671,3,0
1,1,0.190917,0,4,6,0.502917,0.495,0.487996,2,0
0,1,0.15485,0,6,6,0.654583,0.725,0.678038,2,0
1,1,0.164187,1,7,1,0.645,0.763333,0.724125,3,0
0,1,0.136817,1,11,4,0.702083,0.408333,0.405921,4,0
1,2,0.1847,1,1,3,0.414583,0.1075,0.119337,1,0
1,2,0.235067,1,11,1,0.623333,0.380833,0.375621,4,0
0,1,0.261821,1,6,3,0.497917,0.728333,0.654688,3,0
0,1,0.057225,1,11,1,0.75875,0.395,0.400871,4,0
1,1,0.205846,1,2,5,0.634583,0.343333,0.351629,1,0
0,1,0.167912,1,6,3,0.471667,0.626667,0.587754,2,0
0,2,0.102,0,6,0,0.666667,0.699167,0.645846,2,0
1,1,0.295274,1,4,3,0.469565,0.348696,0.337274,2,0
0,1,0.201487,0,8,0,0.752917,0.7425,0.715292,3,0
0,2,0.146775,1,1,2,0.861667,0.216667,0.232333,1,0
1,1,0.22575,0,3,6,0.350417,0.2875,0.277767,1,0
0,1,0.184696,1,8,5,0.630833,0.710833,0.656567,3,0
0,2,0.189067,1,11,4,0.813333,0.38,0.373721,4,0
1,2,0.342667,1,1,5,0.74125,0.425,0.415383,1,0
1,3,0.344546,0,4,0,0.835417,0.396667,0.389504,2,0
0,1,0.189062,0,11,6,0.519167,0.326667,0.323854,4,0
0,3,0.136829,1,11,3,0.93,0.456667,0.451988,4,0
0,1,0.0920542,0,11,0,0.734583,0.348333,0.362358,4,0
0,1,0.187808,1,6,2,0.597917,0.7075,0.65595,2,0
0,1,0.240679,1,5,5,0.65375,0.681667,0.637008,2,0
1,2,0.187187,1,2,4,0.672917,0.399167,0.398971,1,0
1,1,0.118792,1,4,3,0.427917,0.476667,0.470317,2,0
1,2,0.0895583,1,3,3,0.82125,0.531667,0.513258,2,0
1,2,0.091425,1,2,4,0.752917,0.316667,0.330162,1,0
1,1,0.181596,1,10,4,0.463333,0.435,0.431167,4,0
0,1,0.144283,1,6,2,0.634167,0.744167,0.692558,3,0
0,1,0.224496,0,11,6,0.502083,0.329167,0.324483,4,0
1,1,0.178496,1,2,5,0.526667,0.313333,0.309346,1,0
1,1,0.227604,0,9,6,0.542917,0.5425,0.530296,4,0
1,1,0.0584708,1,11,5,0.649583,0.298333,0.323867,4,0
